// Auto-generated VLW font: hack_6
// Size: 17627 bytes (17.2 KB)
#pragma once
#include <pgmspace.h>

const uint8_t hack_6[] PROGMEM = {
    0x00, 0x00, 0x01, 0x80, 0x00, 0x00, 0x00, 0x06, 0x00, 0x00, 0x00, 0x06, 0x00, 0x00, 0x00, 0x00,
    0x00, 0x00, 0x00, 0x06, 0x00, 0x00, 0x00, 0x02, 0x00, 0x00, 0x00, 0x20, 0x00, 0x00, 0x00, 0x00,
    0x00, 0x00, 0x00, 0x00, 0x00, 0x00, 0x00, 0x04, 0x00, 0x00, 0x00, 0x00, 0x00, 0x00, 0x00, 0x00,
    0x00, 0x00, 0x00, 0x00, 0x00, 0x00, 0x00, 0x21, 0x00, 0x00, 0x00, 0x04, 0x00, 0x00, 0x00, 0x02,
    0x00, 0x00, 0x00, 0x04, 0x00, 0x00, 0x00, 0x04, 0x00, 0x00, 0x00, 0x01, 0x00, 0x00, 0x00, 0x00,
    0x00, 0x00, 0x00, 0x22, 0x00, 0x00, 0x00, 0x02, 0x00, 0x00, 0x00, 0x03, 0x00, 0x00, 0x00, 0x04,
    0x00, 0x00, 0x00, 0x04, 0x00, 0x00, 0x00, 0x00, 0x00, 0x00, 0x00, 0x00, 0x00, 0x00, 0x00, 0x23,
    0x00, 0x00, 0x00, 0x04, 0x00, 0x00, 0x00, 0x04, 0x00, 0x00, 0x00, 0x04, 0x00, 0x00, 0x00, 0x04,
    0x00, 0x00, 0x00, 0x00, 0x00, 0x00, 0x00, 0x00, 0x00, 0x00, 0x00, 0x24, 0x00, 0x00, 0x00, 0x05,
    0x00, 0x00, 0x00, 0x04, 0x00, 0x00, 0x00, 0x04, 0x00, 0x00, 0x00, 0x04, 0x00, 0x00, 0x00, 0x00,
    0x00, 0x00, 0x00, 0x00, 0x00, 0x00, 0x00, 0x25, 0x00, 0x00, 0x00, 0x04, 0x00, 0x00, 0x00, 0x04,
    0x00, 0x00, 0x00, 0x04, 0x00, 0x00, 0x00, 0x04, 0x00, 0x00, 0x00, 0x00, 0x00, 0x00, 0x00, 0x00,
    0x00, 0x00, 0x00, 0x26, 0x00, 0x00, 0x00, 0x04, 0x00, 0x00, 0x00, 0x04, 0x00, 0x00, 0x00, 0x04,
    0x00, 0x00, 0x00, 0x04, 0x00, 0x00, 0x00, 0x00, 0x00, 0x00, 0x00, 0x00, 0x00, 0x00, 0x00, 0x27,
    0x00, 0x00, 0x00, 0x02, 0x00, 0x00, 0x00, 0x02, 0x00, 0x00, 0x00, 0x04, 0x00, 0x00, 0x00, 0x04,
    0x00, 0x00, 0x00, 0x01, 0x00, 0x00, 0x00, 0x00, 0x00, 0x00, 0x00, 0x28, 0x00, 0x00, 0x00, 0x05,
    0x00, 0x00, 0x00, 0x03, 0x00, 0x00, 0x00, 0x04, 0x00, 0x00, 0x00, 0x04, 0x00, 0x00, 0x00, 0x00,
    0x00, 0x00, 0x00, 0x00, 0x00, 0x00, 0x00, 0x29, 0x00, 0x00, 0x00, 0x05, 0x00, 0x00, 0x00, 0x02,
    0x00, 0x00, 0x00, 0x04, 0x00, 0x00, 0x00, 0x04, 0x00, 0x00, 0x00, 0x01, 0x00, 0x00, 0x00, 0x00,
    0x00, 0x00, 0x00, 0x2A, 0x00, 0x00, 0x00, 0x03, 0x00, 0x00, 0x00, 0x04, 0x00, 0x00, 0x00, 0x04,
    0x00, 0x00, 0x00, 0x04, 0x00, 0x00, 0x00, 0x00, 0x00, 0x00, 0x00, 0x00, 0x00, 0x00, 0x00, 0x2B,
    0x00, 0x00, 0x00, 0x03, 0x00, 0x00, 0x00, 0x04, 0x00, 0x00, 0x00, 0x04, 0x00, 0x00, 0x00, 0x03,
    0x00, 0x00, 0x00, 0x00, 0x00, 0x00, 0x00, 0x00, 0x00, 0x00, 0x00, 0x2C, 0x00, 0x00, 0x00, 0x03,
    0x00, 0x00, 0x00, 0x02, 0x00, 0x00, 0x00, 0x04, 0x00, 0x00, 0x00, 0x01, 0x00, 0x00, 0x00, 0x01,
    0x00, 0x00, 0x00, 0x00, 0x00, 0x00, 0x00, 0x2D, 0x00, 0x00, 0x00, 0x01, 0x00, 0x00, 0x00, 0x04,
    0x00, 0x00, 0x00, 0x04, 0x00, 0x00, 0x00, 0x02, 0x00, 0x00, 0x00, 0x00, 0x00, 0x00, 0x00, 0x00,
    0x00, 0x00, 0x00, 0x2E, 0x00, 0x00, 0x00, 0x01, 0x00, 0x00, 0x00, 0x02, 0x00, 0x00, 0x00, 0x04,
    0x00, 0x00, 0x00, 0x01, 0x00, 0x00, 0x00, 0x01, 0x00, 0x00, 0x00, 0x00, 0x00, 0x00, 0x00, 0x2F,
    0x00, 0x00, 0x00, 0x05, 0x00, 0x00, 0x00, 0x04, 0x00, 0x00, 0x00, 0x04, 0x00, 0x00, 0x00, 0x04,
    0x00, 0x00, 0x00, 0x00, 0x00, 0x00, 0x00, 0x00, 0x00, 0x00, 0x00, 0x30, 0x00, 0x00, 0x00, 0x04,
    0x00, 0x00, 0x00, 0x04, 0x00, 0x00, 0x00, 0x04, 0x00, 0x00, 0x00, 0x04, 0x00, 0x00, 0x00, 0x00,
    0x00, 0x00, 0x00, 0x00, 0x00, 0x00, 0x00, 0x31, 0x00, 0x00, 0x00, 0x04, 0x00, 0x00, 0x00, 0x04,
    0x00, 0x00, 0x00, 0x04, 0x00, 0x00, 0x00, 0x04, 0x00, 0x00, 0x00, 0x00, 0x00, 0x00, 0x00, 0x00,
    0x00, 0x00, 0x00, 0x32, 0x00, 0x00, 0x00, 0x04, 0x00, 0x00, 0x00, 0x04, 0x00, 0x00, 0x00, 0x04,
    0x00, 0x00, 0x00, 0x04, 0x00, 0x00, 0x00, 0x00, 0x00, 0x00, 0x00, 0x00, 0x00, 0x00, 0x00, 0x33,
    0x00, 0x00, 0x00, 0x04, 0x00, 0x00, 0x00, 0x04, 0x00, 0x00, 0x00, 0x04, 0x00, 0x00, 0x00, 0x04,
    0x00, 0x00, 0x00, 0x00, 0x00, 0x00, 0x00, 0x00, 0x00, 0x00, 0x00, 0x34, 0x00, 0x00, 0x00, 0x04,
    0x00, 0x00, 0x00, 0x04, 0x00, 0x00, 0x00, 0x04, 0x00, 0x00, 0x00, 0x04, 0x00, 0x00, 0x00, 0x00,
    0x00, 0x00, 0x00, 0x00, 0x00, 0x00, 0x00, 0x35, 0x00, 0x00, 0x00, 0x04, 0x00, 0x00, 0x00, 0x04,
    0x00, 0x00, 0x00, 0x04, 0x00, 0x00, 0x00, 0x04, 0x00, 0x00, 0x00, 0x00, 0x00, 0x00, 0x00, 0x00,
    0x00, 0x00, 0x00, 0x36, 0x00, 0x00, 0x00, 0x04, 0x00, 0x00, 0x00, 0x04, 0x00, 0x00, 0x00, 0x04,
    0x00, 0x00, 0x00, 0x04, 0x00, 0x00, 0x00, 0x00, 0x00, 0x00, 0x00, 0x00, 0x00, 0x00, 0x00, 0x37,
    0x00, 0x00, 0x00, 0x04, 0x00, 0x00, 0x00, 0x04, 0x00, 0x00, 0x00, 0x04, 0x00, 0x00, 0x00, 0x04,
    0x00, 0x00, 0x00, 0x00, 0x00, 0x00, 0x00, 0x00, 0x00, 0x00, 0x00, 0x38, 0x00, 0x00, 0x00, 0x04,
    0x00, 0x00, 0x00, 0x04, 0x00, 0x00, 0x00, 0x04, 0x00, 0x00, 0x00, 0x04, 0x00, 0x00, 0x00, 0x00,
    0x00, 0x00, 0x00, 0x00, 0x00, 0x00, 0x00, 0x39, 0x00, 0x00, 0x00, 0x04, 0x00, 0x00, 0x00, 0x04,
    0x00, 0x00, 0x00, 0x04, 0x00, 0x00, 0x00, 0x04, 0x00, 0x00, 0x00, 0x00, 0x00, 0x00, 0x00, 0x00,
    0x00, 0x00, 0x00, 0x3A, 0x00, 0x00, 0x00, 0x03, 0x00, 0x00, 0x00, 0x02, 0x00, 0x00, 0x00, 0x04,
    0x00, 0x00, 0x00, 0x03, 0x00, 0x00, 0x00, 0x01, 0x00, 0x00, 0x00, 0x00, 0x00, 0x00, 0x00, 0x3B,
    0x00, 0x00, 0x00, 0x05, 0x00, 0x00, 0x00, 0x02, 0x00, 0x00, 0x00, 0x04, 0x00, 0x00, 0x00, 0x03,
    0x00, 0x00, 0x00, 0x01, 0x00, 0x00, 0x00, 0x00, 0x00, 0x00, 0x00, 0x3C, 0x00, 0x00, 0x00, 0x03,
    0x00, 0x00, 0x00, 0x04, 0x00, 0x00, 0x00, 0x04, 0x00, 0x00, 0x00, 0x03, 0x00, 0x00, 0x00, 0x00,
    0x00, 0x00, 0x00, 0x00, 0x00, 0x00, 0x00, 0x3D, 0x00, 0x00, 0x00, 0x02, 0x00, 0x00, 0x00, 0x04,
    0x00, 0x00, 0x00, 0x04, 0x00, 0x00, 0x00, 0x03, 0x00, 0x00, 0x00, 0x00, 0x00, 0x00, 0x00, 0x00,
    0x00, 0x00, 0x00, 0x3E, 0x00, 0x00, 0x00, 0x03, 0x00, 0x00, 0x00, 0x04, 0x00, 0x00, 0x00, 0x04,
    0x00, 0x00, 0x00, 0x03, 0x00, 0x00, 0x00, 0x00, 0x00, 0x00, 0x00, 0x00, 0x00, 0x00, 0x00, 0x3F,
    0x00, 0x00, 0x00, 0x04, 0x00, 0x00, 0x00, 0x04, 0x00, 0x00, 0x00, 0x04, 0x00, 0x00, 0x00, 0x04,
    0x00, 0x00, 0x00, 0x00, 0x00, 0x00, 0x00, 0x00, 0x00, 0x00, 0x00, 0x40, 0x00, 0x00, 0x00, 0x05,
    0x00, 0x00, 0x00, 0x04, 0x00, 0x00, 0x00, 0x04, 0x00, 0x00, 0x00, 0x04, 0x00, 0x00, 0x00, 0x00,
    0x00, 0x00, 0x00, 0x00, 0x00, 0x00, 0x00, 0x41, 0x00, 0x00, 0x00, 0x04, 0x00, 0x00, 0x00, 0x04,
    0x00, 0x00, 0x00, 0x04, 0x00, 0x00, 0x00, 0x04, 0x00, 0x00, 0x00, 0x00, 0x00, 0x00, 0x00, 0x00,
    0x00, 0x00, 0x00, 0x42, 0x00, 0x00, 0x00, 0x04, 0x00, 0x00, 0x00, 0x04, 0x00, 0x00, 0x00, 0x04,
    0x00, 0x00, 0x00, 0x04, 0x00, 0x00, 0x00, 0x00, 0x00, 0x00, 0x00, 0x00, 0x00, 0x00, 0x00, 0x43,
    0x00, 0x00, 0x00, 0x04, 0x00, 0x00, 0x00, 0x04, 0x00, 0x00, 0x00, 0x04, 0x00, 0x00, 0x00, 0x04,
    0x00, 0x00, 0x00, 0x00, 0x00, 0x00, 0x00, 0x00, 0x00, 0x00, 0x00, 0x44, 0x00, 0x00, 0x00, 0x04,
    0x00, 0x00, 0x00, 0x04, 0x00, 0x00, 0x00, 0x04, 0x00, 0x00, 0x00, 0x04, 0x00, 0x00, 0x00, 0x00,
    0x00, 0x00, 0x00, 0x00, 0x00, 0x00, 0x00, 0x45, 0x00, 0x00, 0x00, 0x04, 0x00, 0x00, 0x00, 0x04,
    0x00, 0x00, 0x00, 0x04, 0x00, 0x00, 0x00, 0x04, 0x00, 0x00, 0x00, 0x00, 0x00, 0x00, 0x00, 0x00,
    0x00, 0x00, 0x00, 0x46, 0x00, 0x00, 0x00, 0x04, 0x00, 0x00, 0x00, 0x04, 0x00, 0x00, 0x00, 0x04,
    0x00, 0x00, 0x00, 0x04, 0x00, 0x00, 0x00, 0x00, 0x00, 0x00, 0x00, 0x00, 0x00, 0x00, 0x00, 0x47,
    0x00, 0x00, 0x00, 0x04, 0x00, 0x00, 0x00, 0x04, 0x00, 0x00, 0x00, 0x04, 0x00, 0x00, 0x00, 0x04,
    0x00, 0x00, 0x00, 0x00, 0x00, 0x00, 0x00, 0x00, 0x00, 0x00, 0x00, 0x48, 0x00, 0x00, 0x00, 0x04,
    0x00, 0x00, 0x00, 0x04, 0x00, 0x00, 0x00, 0x04, 0x00, 0x00, 0x00, 0x04, 0x00, 0x00, 0x00, 0x00,
    0x00, 0x00, 0x00, 0x00, 0x00, 0x00, 0x00, 0x49, 0x00, 0x00, 0x00, 0x04, 0x00, 0x00, 0x00, 0x04,
    0x00, 0x00, 0x00, 0x04, 0x00, 0x00, 0x00, 0x04, 0x00, 0x00, 0x00, 0x00, 0x00, 0x00, 0x00, 0x00,
    0x00, 0x00, 0x00, 0x4A, 0x00, 0x00, 0x00, 0x04, 0x00, 0x00, 0x00, 0x03, 0x00, 0x00, 0x00, 0x04,
    0x00, 0x00, 0x00, 0x04, 0x00, 0x00, 0x00, 0x00, 0x00, 0x00, 0x00, 0x00, 0x00, 0x00, 0x00, 0x4B,
    0x00, 0x00, 0x00, 0x04, 0x00, 0x00, 0x00, 0x04, 0x00, 0x00, 0x00, 0x04, 0x00, 0x00, 0x00, 0x04,
    0x00, 0x00, 0x00, 0x00, 0x00, 0x00, 0x00, 0x00, 0x00, 0x00, 0x00, 0x4C, 0x00, 0x00, 0x00, 0x04,
    0x00, 0x00, 0x00, 0x04, 0x00, 0x00, 0x00, 0x04, 0x00, 0x00, 0x00, 0x04, 0x00, 0x00, 0x00, 0x00,
    0x00, 0x00, 0x00, 0x00, 0x00, 0x00, 0x00, 0x4D, 0x00, 0x00, 0x00, 0x04, 0x00, 0x00, 0x00, 0x04,
    0x00, 0x00, 0x00, 0x04, 0x00, 0x00, 0x00, 0x04, 0x00, 0x00, 0x00, 0x00, 0x00, 0x00, 0x00, 0x00,
    0x00, 0x00, 0x00, 0x4E, 0x00, 0x00, 0x00, 0x04, 0x00, 0x00, 0x00, 0x04, 0x00, 0x00, 0x00, 0x04,
    0x00, 0x00, 0x00, 0x04, 0x00, 0x00, 0x00, 0x00, 0x00, 0x00, 0x00, 0x00, 0x00, 0x00, 0x00, 0x4F,
    0x00, 0x00, 0x00, 0x04, 0x00, 0x00, 0x00, 0x04, 0x00, 0x00, 0x00, 0x04, 0x00, 0x00, 0x00, 0x04,
    0x00, 0x00, 0x00, 0x00, 0x00, 0x00, 0x00, 0x00, 0x00, 0x00, 0x00, 0x50, 0x00, 0x00, 0x00, 0x04,
    0x00, 0x00, 0x00, 0x04, 0x00, 0x00, 0x00, 0x04, 0x00, 0x00, 0x00, 0x04, 0x00, 0x00, 0x00, 0x00,
    0x00, 0x00, 0x00, 0x00, 0x00, 0x00, 0x00, 0x51, 0x00, 0x00, 0x00, 0x05, 0x00, 0x00, 0x00, 0x04,
    0x00, 0x00, 0x00, 0x04, 0x00, 0x00, 0x00, 0x04, 0x00, 0x00, 0x00, 0x00, 0x00, 0x00, 0x00, 0x00,
    0x00, 0x00, 0x00, 0x52, 0x00, 0x00, 0x00, 0x04, 0x00, 0x00, 0x00, 0x04, 0x00, 0x00, 0x00, 0x04,
    0x00, 0x00, 0x00, 0x04, 0x00, 0x00, 0x00, 0x00, 0x00, 0x00, 0x00, 0x00, 0x00, 0x00, 0x00, 0x53,
    0x00, 0x00, 0x00, 0x04, 0x00, 0x00, 0x00, 0x04, 0x00, 0x00, 0x00, 0x04, 0x00, 0x00, 0x00, 0x04,
    0x00, 0x00, 0x00, 0x00, 0x00, 0x00, 0x00, 0x00, 0x00, 0x00, 0x00, 0x54, 0x00, 0x00, 0x00, 0x04,
    0x00, 0x00, 0x00, 0x04, 0x00, 0x00, 0x00, 0x04, 0x00, 0x00, 0x00, 0x04, 0x00, 0x00, 0x00, 0x00,
    0x00, 0x00, 0x00, 0x00, 0x00, 0x00, 0x00, 0x55, 0x00, 0x00, 0x00, 0x04, 0x00, 0x00, 0x00, 0x04,
    0x00, 0x00, 0x00, 0x04, 0x00, 0x00, 0x00, 0x04, 0x00, 0x00, 0x00, 0x00, 0x00, 0x00, 0x00, 0x00,
    0x00, 0x00, 0x00, 0x56, 0x00, 0x00, 0x00, 0x04, 0x00, 0x00, 0x00, 0x04, 0x00, 0x00, 0x00, 0x04,
    0x00, 0x00, 0x00, 0x04, 0x00, 0x00, 0x00, 0x00, 0x00, 0x00, 0x00, 0x00, 0x00, 0x00, 0x00, 0x57,
    0x00, 0x00, 0x00, 0x04, 0x00, 0x00, 0x00, 0x04, 0x00, 0x00, 0x00, 0x04, 0x00, 0x00, 0x00, 0x04,
    0x00, 0x00, 0x00, 0x00, 0x00, 0x00, 0x00, 0x00, 0x00, 0x00, 0x00, 0x58, 0x00, 0x00, 0x00, 0x04,
    0x00, 0x00, 0x00, 0x04, 0x00, 0x00, 0x00, 0x04, 0x00, 0x00, 0x00, 0x04, 0x00, 0x00, 0x00, 0x00,
    0x00, 0x00, 0x00, 0x00, 0x00, 0x00, 0x00, 0x59, 0x00, 0x00, 0x00, 0x04, 0x00, 0x00, 0x00, 0x04,
    0x00, 0x00, 0x00, 0x04, 0x00, 0x00, 0x00, 0x04, 0x00, 0x00, 0x00, 0x00, 0x00, 0x00, 0x00, 0x00,
    0x00, 0x00, 0x00, 0x5A, 0x00, 0x00, 0x00, 0x04, 0x00, 0x00, 0x00, 0x04, 0x00, 0x00, 0x00, 0x04,
    0x00, 0x00, 0x00, 0x04, 0x00, 0x00, 0x00, 0x00, 0x00, 0x00, 0x00, 0x00, 0x00, 0x00, 0x00, 0x5B,
    0x00, 0x00, 0x00, 0x06, 0x00, 0x00, 0x00, 0x03, 0x00, 0x00, 0x00, 0x04, 0x00, 0x00, 0x00, 0x05,
    0x00, 0x00, 0x00, 0x00, 0x00, 0x00, 0x00, 0x00, 0x00, 0x00, 0x00, 0x5C, 0x00, 0x00, 0x00, 0x05,
    0x00, 0x00, 0x00, 0x04, 0x00, 0x00, 0x00, 0x04, 0x00, 0x00, 0x00, 0x04, 0x00, 0x00, 0x00, 0x00,
    0x00, 0x00, 0x00, 0x00, 0x00, 0x00, 0x00, 0x5D, 0x00, 0x00, 0x00, 0x06, 0x00, 0x00, 0x00, 0x03,
    0x00, 0x00, 0x00, 0x04, 0x00, 0x00, 0x00, 0x05, 0x00, 0x00, 0x00, 0x00, 0x00, 0x00, 0x00, 0x00,
    0x00, 0x00, 0x00, 0x5E, 0x00, 0x00, 0x00, 0x02, 0x00, 0x00, 0x00, 0x04, 0x00, 0x00, 0x00, 0x04,
    0x00, 0x00, 0x00, 0x04, 0x00, 0x00, 0x00, 0x00, 0x00, 0x00, 0x00, 0x00, 0x00, 0x00, 0x00, 0x5F,
    0x00, 0x00, 0x00, 0x01, 0x00, 0x00, 0x00, 0x04, 0x00, 0x00, 0x00, 0x04, 0x00, 0x00, 0x00, 0x00,
    0x00, 0x00, 0x00, 0x00, 0x00, 0x00, 0x00, 0x00, 0x00, 0x00, 0x00, 0x60, 0x00, 0x00, 0x00, 0x01,
    0x00, 0x00, 0x00, 0x03, 0x00, 0x00, 0x00, 0x04, 0x00, 0x00, 0x00, 0x04, 0x00, 0x00, 0x00, 0x00,
    0x00, 0x00, 0x00, 0x00, 0x00, 0x00, 0x00, 0x61, 0x00, 0x00, 0x00, 0x03, 0x00, 0x00, 0x00, 0x04,
    0x00, 0x00, 0x00, 0x04, 0x00, 0x00, 0x00, 0x03, 0x00, 0x00, 0x00, 0x00, 0x00, 0x00, 0x00, 0x00,
    0x00, 0x00, 0x00, 0x62, 0x00, 0x00, 0x00, 0x04, 0x00, 0x00, 0x00, 0x04, 0x00, 0x00, 0x00, 0x04,
    0x00, 0x00, 0x00, 0x04, 0x00, 0x00, 0x00, 0x00, 0x00, 0x00, 0x00, 0x00, 0x00, 0x00, 0x00, 0x63,
    0x00, 0x00, 0x00, 0x03, 0x00, 0x00, 0x00, 0x04, 0x00, 0x00, 0x00, 0x04, 0x00, 0x00, 0x00, 0x03,
    0x00, 0x00, 0x00, 0x00, 0x00, 0x00, 0x00, 0x00, 0x00, 0x00, 0x00, 0x64, 0x00, 0x00, 0x00, 0x04,
    0x00, 0x00, 0x00, 0x04, 0x00, 0x00, 0x00, 0x04, 0x00, 0x00, 0x00, 0x04, 0x00, 0x00, 0x00, 0x00,
    0x00, 0x00, 0x00, 0x00, 0x00, 0x00, 0x00, 0x65, 0x00, 0x00, 0x00, 0x03, 0x00, 0x00, 0x00, 0x04,
    0x00, 0x00, 0x00, 0x04, 0x00, 0x00, 0x00, 0x03, 0x00, 0x00, 0x00, 0x00, 0x00, 0x00, 0x00, 0x00,
    0x00, 0x00, 0x00, 0x66, 0x00, 0x00, 0x00, 0x04, 0x00, 0x00, 0x00, 0x04, 0x00, 0x00, 0x00, 0x04,
    0x00, 0x00, 0x00, 0x04, 0x00, 0x00, 0x00, 0x00, 0x00, 0x00, 0x00, 0x00, 0x00, 0x00, 0x00, 0x67,
    0x00, 0x00, 0x00, 0x04, 0x00, 0x00, 0x00, 0x04, 0x00, 0x00, 0x00, 0x04, 0x00, 0x00, 0x00, 0x03,
    0x00, 0x00, 0x00, 0x00, 0x00, 0x00, 0x00, 0x00, 0x00, 0x00, 0x00, 0x68, 0x00, 0x00, 0x00, 0x04,
    0x00, 0x00, 0x00, 0x04, 0x00, 0x00, 0x00, 0x04, 0x00, 0x00, 0x00, 0x04, 0x00, 0x00, 0x00, 0x00,
    0x00, 0x00, 0x00, 0x00, 0x00, 0x00, 0x00, 0x69, 0x00, 0x00, 0x00, 0x05, 0x00, 0x00, 0x00, 0x04,
    0x00, 0x00, 0x00, 0x04, 0x00, 0x00, 0x00, 0x05, 0x00, 0x00, 0x00, 0x00, 0x00, 0x00, 0x00, 0x00,
    0x00, 0x00, 0x00, 0x6A, 0x00, 0x00, 0x00, 0x06, 0x00, 0x00, 0x00, 0x03, 0x00, 0x00, 0x00, 0x04,
    0x00, 0x00, 0x00, 0x05, 0x00, 0x00, 0x00, 0x00, 0x00, 0x00, 0x00, 0x00, 0x00, 0x00, 0x00, 0x6B,
    0x00, 0x00, 0x00, 0x04, 0x00, 0x00, 0x00, 0x04, 0x00, 0x00, 0x00, 0x04, 0x00, 0x00, 0x00, 0x04,
    0x00, 0x00, 0x00, 0x00, 0x00, 0x00, 0x00, 0x00, 0x00, 0x00, 0x00, 0x6C, 0x00, 0x00, 0x00, 0x04,
    0x00, 0x00, 0x00, 0x04, 0x00, 0x00, 0x00, 0x04, 0x00, 0x00, 0x00, 0x04, 0x00, 0x00, 0x00, 0x00,
    0x00, 0x00, 0x00, 0x00, 0x00, 0x00, 0x00, 0x6D, 0x00, 0x00, 0x00, 0x03, 0x00, 0x00, 0x00, 0x04,
    0x00, 0x00, 0x00, 0x04, 0x00, 0x00, 0x00, 0x03, 0x00, 0x00, 0x00, 0x00, 0x00, 0x00, 0x00, 0x00,
    0x00, 0x00, 0x00, 0x6E, 0x00, 0x00, 0x00, 0x03, 0x00, 0x00, 0x00, 0x04, 0x00, 0x00, 0x00, 0x04,
    0x00, 0x00, 0x00, 0x03, 0x00, 0x00, 0x00, 0x00, 0x00, 0x00, 0x00, 0x00, 0x00, 0x00, 0x00, 0x6F,
    0x00, 0x00, 0x00, 0x03, 0x00, 0x00, 0x00, 0x04, 0x00, 0x00, 0x00, 0x04, 0x00, 0x00, 0x00, 0x03,
    0x00, 0x00, 0x00, 0x00, 0x00, 0x00, 0x00, 0x00, 0x00, 0x00, 0x00, 0x70, 0x00, 0x00, 0x00, 0x04,
    0x00, 0x00, 0x00, 0x04, 0x00, 0x00, 0x00, 0x04, 0x00, 0x00, 0x00, 0x03, 0x00, 0x00, 0x00, 0x00,
    0x00, 0x00, 0x00, 0x00, 0x00, 0x00, 0x00, 0x71, 0x00, 0x00, 0x00, 0x04, 0x00, 0x00, 0x00, 0x04,
    0x00, 0x00, 0x00, 0x04, 0x00, 0x00, 0x00, 0x03, 0x00, 0x00, 0x00, 0x00, 0x00, 0x00, 0x00, 0x00,
    0x00, 0x00, 0x00, 0x72, 0x00, 0x00, 0x00, 0x03, 0x00, 0x00, 0x00, 0x04, 0x00, 0x00, 0x00, 0x04,
    0x00, 0x00, 0x00, 0x03, 0x00, 0x00, 0x00, 0x00, 0x00, 0x00, 0x00, 0x00, 0x00, 0x00, 0x00, 0x73,
    0x00, 0x00, 0x00, 0x03, 0x00, 0x00, 0x00, 0x04, 0x00, 0x00, 0x00, 0x04, 0x00, 0x00, 0x00, 0x03,
    0x00, 0x00, 0x00, 0x00, 0x00, 0x00, 0x00, 0x00, 0x00, 0x00, 0x00, 0x74, 0x00, 0x00, 0x00, 0x04,
    0x00, 0x00, 0x00, 0x04, 0x00, 0x00, 0x00, 0x04, 0x00, 0x00, 0x00, 0x04, 0x00, 0x00, 0x00, 0x00,
    0x00, 0x00, 0x00, 0x00, 0x00, 0x00, 0x00, 0x75, 0x00, 0x00, 0x00, 0x03, 0x00, 0x00, 0x00, 0x04,
    0x00, 0x00, 0x00, 0x04, 0x00, 0x00, 0x00, 0x03, 0x00, 0x00, 0x00, 0x00, 0x00, 0x00, 0x00, 0x00,
    0x00, 0x00, 0x00, 0x76, 0x00, 0x00, 0x00, 0x03, 0x00, 0x00, 0x00, 0x04, 0x00, 0x00, 0x00, 0x04,
    0x00, 0x00, 0x00, 0x03, 0x00, 0x00, 0x00, 0x00, 0x00, 0x00, 0x00, 0x00, 0x00, 0x00, 0x00, 0x77,
    0x00, 0x00, 0x00, 0x03, 0x00, 0x00, 0x00, 0x04, 0x00, 0x00, 0x00, 0x04, 0x00, 0x00, 0x00, 0x03,
    0x00, 0x00, 0x00, 0x00, 0x00, 0x00, 0x00, 0x00, 0x00, 0x00, 0x00, 0x78, 0x00, 0x00, 0x00, 0x03,
    0x00, 0x00, 0x00, 0x04, 0x00, 0x00, 0x00, 0x04, 0x00, 0x00, 0x00, 0x03, 0x00, 0x00, 0x00, 0x00,
    0x00, 0x00, 0x00, 0x00, 0x00, 0x00, 0x00, 0x79, 0x00, 0x00, 0x00, 0x04, 0x00, 0x00, 0x00, 0x04,
    0x00, 0x00, 0x00, 0x04, 0x00, 0x00, 0x00, 0x03, 0x00, 0x00, 0x00, 0x00, 0x00, 0x00, 0x00, 0x00,
    0x00, 0x00, 0x00, 0x7A, 0x00, 0x00, 0x00, 0x03, 0x00, 0x00, 0x00, 0x04, 0x00, 0x00, 0x00, 0x04,
    0x00, 0x00, 0x00, 0x03, 0x00, 0x00, 0x00, 0x00, 0x00, 0x00, 0x00, 0x00, 0x00, 0x00, 0x00, 0x7B,
    0x00, 0x00, 0x00, 0x06, 0x00, 0x00, 0x00, 0x03, 0x00, 0x00, 0x00, 0x04, 0x00, 0x00, 0x00, 0x05,
    0x00, 0x00, 0x00, 0x00, 0x00, 0x00, 0x00, 0x00, 0x00, 0x00, 0x00, 0x7C, 0x00, 0x00, 0x00, 0x06,
    0x00, 0x00, 0x00, 0x02, 0x00, 0x00, 0x00, 0x04, 0x00, 0x00, 0x00, 0x04, 0x00, 0x00, 0x00, 0x01,
    0x00, 0x00, 0x00, 0x00, 0x00, 0x00, 0x00, 0x7D, 0x00, 0x00, 0x00, 0x06, 0x00, 0x00, 0x00, 0x04,
    0x00, 0x00, 0x00, 0x04, 0x00, 0x00, 0x00, 0x05, 0x00, 0x00, 0x00, 0x00, 0x00, 0x00, 0x00, 0x00,
    0x00, 0x00, 0x00, 0x7E, 0x00, 0x00, 0x00, 0x02, 0x00, 0x00, 0x00, 0x04, 0x00, 0x00, 0x00, 0x04,
    0x00, 0x00, 0x00, 0x03, 0x00, 0x00, 0x00, 0x00, 0x00, 0x00, 0x00, 0x00, 0x00, 0x00, 0x00, 0xA0,
    0x00, 0x00, 0x00, 0x00, 0x00, 0x00, 0x00, 0x00, 0x00, 0x00, 0x00, 0x04, 0x00, 0x00, 0x00, 0x00,
    0x00, 0x00, 0x00, 0x00, 0x00, 0x00, 0x00, 0x00, 0x00, 0x00, 0x00, 0xA1, 0x00, 0x00, 0x00, 0x05,
    0x00, 0x00, 0x00, 0x02, 0x00, 0x00, 0x00, 0x04, 0x00, 0x00, 0x00, 0x05, 0x00, 0x00, 0x00, 0x01,
    0x00, 0x00, 0x00, 0x00, 0x00, 0x00, 0x00, 0xA2, 0x00, 0x00, 0x00, 0x05, 0x00, 0x00, 0x00, 0x04,
    0x00, 0x00, 0x00, 0x04, 0x00, 0x00, 0x00, 0x04, 0x00, 0x00, 0x00, 0x00, 0x00, 0x00, 0x00, 0x00,
    0x00, 0x00, 0x00, 0xA3, 0x00, 0x00, 0x00, 0x04, 0x00, 0x00, 0x00, 0x04, 0x00, 0x00, 0x00, 0x04,
    0x00, 0x00, 0x00, 0x04, 0x00, 0x00, 0x00, 0x00, 0x00, 0x00, 0x00, 0x00, 0x00, 0x00, 0x00, 0xA4,
    0x00, 0x00, 0x00, 0x02, 0x00, 0x00, 0x00, 0x04, 0x00, 0x00, 0x00, 0x04, 0x00, 0x00, 0x00, 0x02,
    0x00, 0x00, 0x00, 0x00, 0x00, 0x00, 0x00, 0x00, 0x00, 0x00, 0x00, 0xA5, 0x00, 0x00, 0x00, 0x04,
    0x00, 0x00, 0x00, 0x04, 0x00, 0x00, 0x00, 0x04, 0x00, 0x00, 0x00, 0x04, 0x00, 0x00, 0x00, 0x00,
    0x00, 0x00, 0x00, 0x00, 0x00, 0x00, 0x00, 0xA6, 0x00, 0x00, 0x00, 0x05, 0x00, 0x00, 0x00, 0x02,
    0x00, 0x00, 0x00, 0x04, 0x00, 0x00, 0x00, 0x04, 0x00, 0x00, 0x00, 0x01, 0x00, 0x00, 0x00, 0x00,
    0x00, 0x00, 0x00, 0xA7, 0x00, 0x00, 0x00, 0x05, 0x00, 0x00, 0x00, 0x04, 0x00, 0x00, 0x00, 0x04,
    0x00, 0x00, 0x00, 0x04, 0x00, 0x00, 0x00, 0x00, 0x00, 0x00, 0x00, 0x00, 0x00, 0x00, 0x00, 0xA8,
    0x00, 0x00, 0x00, 0x01, 0x00, 0x00, 0x00, 0x03, 0x00, 0x00, 0x00, 0x04, 0x00, 0x00, 0x00, 0x04,
    0x00, 0x00, 0x00, 0x00, 0x00, 0x00, 0x00, 0x00, 0x00, 0x00, 0x00, 0xA9, 0x00, 0x00, 0x00, 0x04,
    0x00, 0x00, 0x00, 0x04, 0x00, 0x00, 0x00, 0x04, 0x00, 0x00, 0x00, 0x04, 0x00, 0x00, 0x00, 0x00,
    0x00, 0x00, 0x00, 0x00, 0x00, 0x00, 0x00, 0xAA, 0x00, 0x00, 0x00, 0x04, 0x00, 0x00, 0x00, 0x03,
    0x00, 0x00, 0x00, 0x04, 0x00, 0x00, 0x00, 0x05, 0x00, 0x00, 0x00, 0x00, 0x00, 0x00, 0x00, 0x00,
    0x00, 0x00, 0x00, 0xAB, 0x00, 0x00, 0x00, 0x03, 0x00, 0x00, 0x00, 0x03, 0x00, 0x00, 0x00, 0x04,
    0x00, 0x00, 0x00, 0x03, 0x00, 0x00, 0x00, 0x00, 0x00, 0x00, 0x00, 0x00, 0x00, 0x00, 0x00, 0xAC,
    0x00, 0x00, 0x00, 0x02, 0x00, 0x00, 0x00, 0x04, 0x00, 0x00, 0x00, 0x04, 0x00, 0x00, 0x00, 0x03,
    0x00, 0x00, 0x00, 0x00, 0x00, 0x00, 0x00, 0x00, 0x00, 0x00, 0x00, 0xAD, 0x00, 0x00, 0x00, 0x01,
    0x00, 0x00, 0x00, 0x02, 0x00, 0x00, 0x00, 0x04, 0x00, 0x00, 0x00, 0x02, 0x00, 0x00, 0x00, 0x01,
    0x00, 0x00, 0x00, 0x00, 0x00, 0x00, 0x00, 0xAE, 0x00, 0x00, 0x00, 0x04, 0x00, 0x00, 0x00, 0x04,
    0x00, 0x00, 0x00, 0x04, 0x00, 0x00, 0x00, 0x04, 0x00, 0x00, 0x00, 0x00, 0x00, 0x00, 0x00, 0x00,
    0x00, 0x00, 0x00, 0xAF, 0x00, 0x00, 0x00, 0x01, 0x00, 0x00, 0x00, 0x03, 0x00, 0x00, 0x00, 0x04,
    0x00, 0x00, 0x00, 0x04, 0x00, 0x00, 0x00, 0x00, 0x00, 0x00, 0x00, 0x00, 0x00, 0x00, 0x00, 0xB0,
    0x00, 0x00, 0x00, 0x02, 0x00, 0x00, 0x00, 0x03, 0x00, 0x00, 0x00, 0x04, 0x00, 0x00, 0x00, 0x04,
    0x00, 0x00, 0x00, 0x00, 0x00, 0x00, 0x00, 0x00, 0x00, 0x00, 0x00, 0xB1, 0x00, 0x00, 0x00, 0x03,
    0x00, 0x00, 0x00, 0x04, 0x00, 0x00, 0x00, 0x04, 0x00, 0x00, 0x00, 0x03, 0x00, 0x00, 0x00, 0x00,
    0x00, 0x00, 0x00, 0x00, 0x00, 0x00, 0x00, 0xB2, 0x00, 0x00, 0x00, 0x03, 0x00, 0x00, 0x00, 0x03,
    0x00, 0x00, 0x00, 0x04, 0x00, 0x00, 0x00, 0x06, 0x00, 0x00, 0x00, 0x00, 0x00, 0x00, 0x00, 0x00,
    0x00, 0x00, 0x00, 0xB3, 0x00, 0x00, 0x00, 0x03, 0x00, 0x00, 0x00, 0x03, 0x00, 0x00, 0x00, 0x04,
    0x00, 0x00, 0x00, 0x06, 0x00, 0x00, 0x00, 0x00, 0x00, 0x00, 0x00, 0x00, 0x00, 0x00, 0x00, 0xB4,
    0x00, 0x00, 0x00, 0x01, 0x00, 0x00, 0x00, 0x02, 0x00, 0x00, 0x00, 0x04, 0x00, 0x00, 0x00, 0x04,
    0x00, 0x00, 0x00, 0x01, 0x00, 0x00, 0x00, 0x00, 0x00, 0x00, 0x00, 0xB5, 0x00, 0x00, 0x00, 0x04,
    0x00, 0x00, 0x00, 0x04, 0x00, 0x00, 0x00, 0x04, 0x00, 0x00, 0x00, 0x03, 0x00, 0x00, 0x00, 0x00,
    0x00, 0x00, 0x00, 0x00, 0x00, 0x00, 0x00, 0xB6, 0x00, 0x00, 0x00, 0x05, 0x00, 0x00, 0x00, 0x04,
    0x00, 0x00, 0x00, 0x04, 0x00, 0x00, 0x00, 0x04, 0x00, 0x00, 0x00, 0x00, 0x00, 0x00, 0x00, 0x00,
    0x00, 0x00, 0x00, 0xB7, 0x00, 0x00, 0x00, 0x01, 0x00, 0x00, 0x00, 0x02, 0x00, 0x00, 0x00, 0x04,
    0x00, 0x00, 0x00, 0x02, 0x00, 0x00, 0x00, 0x01, 0x00, 0x00, 0x00, 0x00, 0x00, 0x00, 0x00, 0xB8,
    0x00, 0x00, 0x00, 0x02, 0x00, 0x00, 0x00, 0x02, 0x00, 0x00, 0x00, 0x04, 0x00, 0x00, 0x00, 0x01,
    0x00, 0x00, 0x00, 0x01, 0x00, 0x00, 0x00, 0x00, 0x00, 0x00, 0x00, 0xB9, 0x00, 0x00, 0x00, 0x03,
    0x00, 0x00, 0x00, 0x02, 0x00, 0x00, 0x00, 0x04, 0x00, 0x00, 0x00, 0x06, 0x00, 0x00, 0x00, 0x01,
    0x00, 0x00, 0x00, 0x00, 0x00, 0x00, 0x00, 0xBA, 0x00, 0x00, 0x00, 0x04, 0x00, 0x00, 0x00, 0x03,
    0x00, 0x00, 0x00, 0x04, 0x00, 0x00, 0x00, 0x05, 0x00, 0x00, 0x00, 0x00, 0x00, 0x00, 0x00, 0x00,
    0x00, 0x00, 0x00, 0xBB, 0x00, 0x00, 0x00, 0x03, 0x00, 0x00, 0x00, 0x04, 0x00, 0x00, 0x00, 0x04,
    0x00, 0x00, 0x00, 0x03, 0x00, 0x00, 0x00, 0x00, 0x00, 0x00, 0x00, 0x00, 0x00, 0x00, 0x00, 0xBC,
    0x00, 0x00, 0x00, 0x06, 0x00, 0x00, 0x00, 0x04, 0x00, 0x00, 0x00, 0x04, 0x00, 0x00, 0x00, 0x04,
    0x00, 0x00, 0x00, 0x00, 0x00, 0x00, 0x00, 0x00, 0x00, 0x00, 0x00, 0xBD, 0x00, 0x00, 0x00, 0x06,
    0x00, 0x00, 0x00, 0x04, 0x00, 0x00, 0x00, 0x04, 0x00, 0x00, 0x00, 0x05, 0x00, 0x00, 0x00, 0x00,
    0x00, 0x00, 0x00, 0x00, 0x00, 0x00, 0x00, 0xBE, 0x00, 0x00, 0x00, 0x06, 0x00, 0x00, 0x00, 0x04,
    0x00, 0x00, 0x00, 0x04, 0x00, 0x00, 0x00, 0x04, 0x00, 0x00, 0x00, 0x00, 0x00, 0x00, 0x00, 0x00,
    0x00, 0x00, 0x00, 0xBF, 0x00, 0x00, 0x00, 0x05, 0x00, 0x00, 0x00, 0x03, 0x00, 0x00, 0x00, 0x04,
    0x00, 0x00, 0x00, 0x05, 0x00, 0x00, 0x00, 0x00, 0x00, 0x00, 0x00, 0x00, 0x00, 0x00, 0x00, 0xC0,
    0x00, 0x00, 0x00, 0x06, 0x00, 0x00, 0x00, 0x04, 0x00, 0x00, 0x00, 0x04, 0x00, 0x00, 0x00, 0x06,
    0x00, 0x00, 0x00, 0x00, 0x00, 0x00, 0x00, 0x00, 0x00, 0x00, 0x00, 0xC1, 0x00, 0x00, 0x00, 0x06,
    0x00, 0x00, 0x00, 0x04, 0x00, 0x00, 0x00, 0x04, 0x00, 0x00, 0x00, 0x06, 0x00, 0x00, 0x00, 0x00,
    0x00, 0x00, 0x00, 0x00, 0x00, 0x00, 0x00, 0xC2, 0x00, 0x00, 0x00, 0x06, 0x00, 0x00, 0x00, 0x04,
    0x00, 0x00, 0x00, 0x04, 0x00, 0x00, 0x00, 0x06, 0x00, 0x00, 0x00, 0x00, 0x00, 0x00, 0x00, 0x00,
    0x00, 0x00, 0x00, 0xC3, 0x00, 0x00, 0x00, 0x07, 0x00, 0x00, 0x00, 0x04, 0x00, 0x00, 0x00, 0x04,
    0x00, 0x00, 0x00, 0x07, 0x00, 0x00, 0x00, 0x00, 0x00, 0x00, 0x00, 0x00, 0x00, 0x00, 0x00, 0xC4,
    0x00, 0x00, 0x00, 0x06, 0x00, 0x00, 0x00, 0x04, 0x00, 0x00, 0x00, 0x04, 0x00, 0x00, 0x00, 0x06,
    0x00, 0x00, 0x00, 0x00, 0x00, 0x00, 0x00, 0x00, 0x00, 0x00, 0x00, 0xC5, 0x00, 0x00, 0x00, 0x05,
    0x00, 0x00, 0x00, 0x04, 0x00, 0x00, 0x00, 0x04, 0x00, 0x00, 0x00, 0x05, 0x00, 0x00, 0x00, 0x00,
    0x00, 0x00, 0x00, 0x00, 0x00, 0x00, 0x00, 0xC6, 0x00, 0x00, 0x00, 0x04, 0x00, 0x00, 0x00, 0x04,
    0x00, 0x00, 0x00, 0x04, 0x00, 0x00, 0x00, 0x04, 0x00, 0x00, 0x00, 0x00, 0x00, 0x00, 0x00, 0x00,
    0x00, 0x00, 0x00, 0xC7, 0x00, 0x00, 0x00, 0x05, 0x00, 0x00, 0x00, 0x04, 0x00, 0x00, 0x00, 0x04,
    0x00, 0x00, 0x00, 0x04, 0x00, 0x00, 0x00, 0x00, 0x00, 0x00, 0x00, 0x00, 0x00, 0x00, 0x00, 0xC8,
    0x00, 0x00, 0x00, 0x06, 0x00, 0x00, 0x00, 0x04, 0x00, 0x00, 0x00, 0x04, 0x00, 0x00, 0x00, 0x06,
    0x00, 0x00, 0x00, 0x00, 0x00, 0x00, 0x00, 0x00, 0x00, 0x00, 0x00, 0xC9, 0x00, 0x00, 0x00, 0x06,
    0x00, 0x00, 0x00, 0x04, 0x00, 0x00, 0x00, 0x04, 0x00, 0x00, 0x00, 0x06, 0x00, 0x00, 0x00, 0x00,
    0x00, 0x00, 0x00, 0x00, 0x00, 0x00, 0x00, 0xCA, 0x00, 0x00, 0x00, 0x06, 0x00, 0x00, 0x00, 0x04,
    0x00, 0x00, 0x00, 0x04, 0x00, 0x00, 0x00, 0x06, 0x00, 0x00, 0x00, 0x00, 0x00, 0x00, 0x00, 0x00,
    0x00, 0x00, 0x00, 0xCB, 0x00, 0x00, 0x00, 0x06, 0x00, 0x00, 0x00, 0x04, 0x00, 0x00, 0x00, 0x04,
    0x00, 0x00, 0x00, 0x06, 0x00, 0x00, 0x00, 0x00, 0x00, 0x00, 0x00, 0x00, 0x00, 0x00, 0x00, 0xCC,
    0x00, 0x00, 0x00, 0x06, 0x00, 0x00, 0x00, 0x04, 0x00, 0x00, 0x00, 0x04, 0x00, 0x00, 0x00, 0x06,
    0x00, 0x00, 0x00, 0x00, 0x00, 0x00, 0x00, 0x00, 0x00, 0x00, 0x00, 0xCD, 0x00, 0x00, 0x00, 0x06,
    0x00, 0x00, 0x00, 0x04, 0x00, 0x00, 0x00, 0x04, 0x00, 0x00, 0x00, 0x06, 0x00, 0x00, 0x00, 0x00,
    0x00, 0x00, 0x00, 0x00, 0x00, 0x00, 0x00, 0xCE, 0x00, 0x00, 0x00, 0x06, 0x00, 0x00, 0x00, 0x04,
    0x00, 0x00, 0x00, 0x04, 0x00, 0x00, 0x00, 0x06, 0x00, 0x00, 0x00, 0x00, 0x00, 0x00, 0x00, 0x00,
    0x00, 0x00, 0x00, 0xCF, 0x00, 0x00, 0x00, 0x06, 0x00, 0x00, 0x00, 0x04, 0x00, 0x00, 0x00, 0x04,
    0x00, 0x00, 0x00, 0x06, 0x00, 0x00, 0x00, 0x00, 0x00, 0x00, 0x00, 0x00, 0x00, 0x00, 0x00, 0xD0,
    0x00, 0x00, 0x00, 0x04, 0x00, 0x00, 0x00, 0x04, 0x00, 0x00, 0x00, 0x04, 0x00, 0x00, 0x00, 0x04,
    0x00, 0x00, 0x00, 0x00, 0x00, 0x00, 0x00, 0x00, 0x00, 0x00, 0x00, 0xD1, 0x00, 0x00, 0x00, 0x07,
    0x00, 0x00, 0x00, 0x04, 0x00, 0x00, 0x00, 0x04, 0x00, 0x00, 0x00, 0x07, 0x00, 0x00, 0x00, 0x00,
    0x00, 0x00, 0x00, 0x00, 0x00, 0x00, 0x00, 0xD2, 0x00, 0x00, 0x00, 0x06, 0x00, 0x00, 0x00, 0x04,
    0x00, 0x00, 0x00, 0x04, 0x00, 0x00, 0x00, 0x06, 0x00, 0x00, 0x00, 0x00, 0x00, 0x00, 0x00, 0x00,
    0x00, 0x00, 0x00, 0xD3, 0x00, 0x00, 0x00, 0x06, 0x00, 0x00, 0x00, 0x04, 0x00, 0x00, 0x00, 0x04,
    0x00, 0x00, 0x00, 0x06, 0x00, 0x00, 0x00, 0x00, 0x00, 0x00, 0x00, 0x00, 0x00, 0x00, 0x00, 0xD4,
    0x00, 0x00, 0x00, 0x06, 0x00, 0x00, 0x00, 0x04, 0x00, 0x00, 0x00, 0x04, 0x00, 0x00, 0x00, 0x06,
    0x00, 0x00, 0x00, 0x00, 0x00, 0x00, 0x00, 0x00, 0x00, 0x00, 0x00, 0xD5, 0x00, 0x00, 0x00, 0x07,
    0x00, 0x00, 0x00, 0x04, 0x00, 0x00, 0x00, 0x04, 0x00, 0x00, 0x00, 0x07, 0x00, 0x00, 0x00, 0x00,
    0x00, 0x00, 0x00, 0x00, 0x00, 0x00, 0x00, 0xD6, 0x00, 0x00, 0x00, 0x06, 0x00, 0x00, 0x00, 0x04,
    0x00, 0x00, 0x00, 0x04, 0x00, 0x00, 0x00, 0x06, 0x00, 0x00, 0x00, 0x00, 0x00, 0x00, 0x00, 0x00,
    0x00, 0x00, 0x00, 0xD7, 0x00, 0x00, 0x00, 0x03, 0x00, 0x00, 0x00, 0x04, 0x00, 0x00, 0x00, 0x04,
    0x00, 0x00, 0x00, 0x03, 0x00, 0x00, 0x00, 0x00, 0x00, 0x00, 0x00, 0x00, 0x00, 0x00, 0x00, 0xD8,
    0x00, 0x00, 0x00, 0x06, 0x00, 0x00, 0x00, 0x04, 0x00, 0x00, 0x00, 0x04, 0x00, 0x00, 0x00, 0x05,
    0x00, 0x00, 0x00, 0x00, 0x00, 0x00, 0x00, 0x00, 0x00, 0x00, 0x00, 0xD9, 0x00, 0x00, 0x00, 0x06,
    0x00, 0x00, 0x00, 0x04, 0x00, 0x00, 0x00, 0x04, 0x00, 0x00, 0x00, 0x06, 0x00, 0x00, 0x00, 0x00,
    0x00, 0x00, 0x00, 0x00, 0x00, 0x00, 0x00, 0xDA, 0x00, 0x00, 0x00, 0x06, 0x00, 0x00, 0x00, 0x04,
    0x00, 0x00, 0x00, 0x04, 0x00, 0x00, 0x00, 0x06, 0x00, 0x00, 0x00, 0x00, 0x00, 0x00, 0x00, 0x00,
    0x00, 0x00, 0x00, 0xDB, 0x00, 0x00, 0x00, 0x06, 0x00, 0x00, 0x00, 0x04, 0x00, 0x00, 0x00, 0x04,
    0x00, 0x00, 0x00, 0x06, 0x00, 0x00, 0x00, 0x00, 0x00, 0x00, 0x00, 0x00, 0x00, 0x00, 0x00, 0xDC,
    0x00, 0x00, 0x00, 0x06, 0x00, 0x00, 0x00, 0x04, 0x00, 0x00, 0x00, 0x04, 0x00, 0x00, 0x00, 0x06,
    0x00, 0x00, 0x00, 0x00, 0x00, 0x00, 0x00, 0x00, 0x00, 0x00, 0x00, 0xDD, 0x00, 0x00, 0x00, 0x06,
    0x00, 0x00, 0x00, 0x04, 0x00, 0x00, 0x00, 0x04, 0x00, 0x00, 0x00, 0x06, 0x00, 0x00, 0x00, 0x00,
    0x00, 0x00, 0x00, 0x00, 0x00, 0x00, 0x00, 0xDE, 0x00, 0x00, 0x00, 0x04, 0x00, 0x00, 0x00, 0x04,
    0x00, 0x00, 0x00, 0x04, 0x00, 0x00, 0x00, 0x04, 0x00, 0x00, 0x00, 0x00, 0x00, 0x00, 0x00, 0x00,
    0x00, 0x00, 0x00, 0xDF, 0x00, 0x00, 0x00, 0x04, 0x00, 0x00, 0x00, 0x04, 0x00, 0x00, 0x00, 0x04,
    0x00, 0x00, 0x00, 0x04, 0x00, 0x00, 0x00, 0x00, 0x00, 0x00, 0x00, 0x00, 0x00, 0x00, 0x00, 0xE0,
    0x00, 0x00, 0x00, 0x05, 0x00, 0x00, 0x00, 0x04, 0x00, 0x00, 0x00, 0x04, 0x00, 0x00, 0x00, 0x05,
    0x00, 0x00, 0x00, 0x00, 0x00, 0x00, 0x00, 0x00, 0x00, 0x00, 0x00, 0xE1, 0x00, 0x00, 0x00, 0x05,
    0x00, 0x00, 0x00, 0x04, 0x00, 0x00, 0x00, 0x04, 0x00, 0x00, 0x00, 0x05, 0x00, 0x00, 0x00, 0x00,
    0x00, 0x00, 0x00, 0x00, 0x00, 0x00, 0x00, 0xE2, 0x00, 0x00, 0x00, 0x05, 0x00, 0x00, 0x00, 0x04,
    0x00, 0x00, 0x00, 0x04, 0x00, 0x00, 0x00, 0x05, 0x00, 0x00, 0x00, 0x00, 0x00, 0x00, 0x00, 0x00,
    0x00, 0x00, 0x00, 0xE3, 0x00, 0x00, 0x00, 0x06, 0x00, 0x00, 0x00, 0x04, 0x00, 0x00, 0x00, 0x04,
    0x00, 0x00, 0x00, 0x06, 0x00, 0x00, 0x00, 0x00, 0x00, 0x00, 0x00, 0x00, 0x00, 0x00, 0x00, 0xE4,
    0x00, 0x00, 0x00, 0x05, 0x00, 0x00, 0x00, 0x04, 0x00, 0x00, 0x00, 0x04, 0x00, 0x00, 0x00, 0x05,
    0x00, 0x00, 0x00, 0x00, 0x00, 0x00, 0x00, 0x00, 0x00, 0x00, 0x00, 0xE5, 0x00, 0x00, 0x00, 0x06,
    0x00, 0x00, 0x00, 0x04, 0x00, 0x00, 0x00, 0x04, 0x00, 0x00, 0x00, 0x06, 0x00, 0x00, 0x00, 0x00,
    0x00, 0x00, 0x00, 0x00, 0x00, 0x00, 0x00, 0xE6, 0x00, 0x00, 0x00, 0x03, 0x00, 0x00, 0x00, 0x04,
    0x00, 0x00, 0x00, 0x04, 0x00, 0x00, 0x00, 0x03, 0x00, 0x00, 0x00, 0x00, 0x00, 0x00, 0x00, 0x00,
    0x00, 0x00, 0x00, 0xE7, 0x00, 0x00, 0x00, 0x04, 0x00, 0x00, 0x00, 0x04, 0x00, 0x00, 0x00, 0x04,
    0x00, 0x00, 0x00, 0x03, 0x00, 0x00, 0x00, 0x00, 0x00, 0x00, 0x00, 0x00, 0x00, 0x00, 0x00, 0xE8,
    0x00, 0x00, 0x00, 0x05, 0x00, 0x00, 0x00, 0x04, 0x00, 0x00, 0x00, 0x04, 0x00, 0x00, 0x00, 0x05,
    0x00, 0x00, 0x00, 0x00, 0x00, 0x00, 0x00, 0x00, 0x00, 0x00, 0x00, 0xE9, 0x00, 0x00, 0x00, 0x05,
    0x00, 0x00, 0x00, 0x04, 0x00, 0x00, 0x00, 0x04, 0x00, 0x00, 0x00, 0x05, 0x00, 0x00, 0x00, 0x00,
    0x00, 0x00, 0x00, 0x00, 0x00, 0x00, 0x00, 0xEA, 0x00, 0x00, 0x00, 0x05, 0x00, 0x00, 0x00, 0x04,
    0x00, 0x00, 0x00, 0x04, 0x00, 0x00, 0x00, 0x05, 0x00, 0x00, 0x00, 0x00, 0x00, 0x00, 0x00, 0x00,
    0x00, 0x00, 0x00, 0xEB, 0x00, 0x00, 0x00, 0x05, 0x00, 0x00, 0x00, 0x04, 0x00, 0x00, 0x00, 0x04,
    0x00, 0x00, 0x00, 0x05, 0x00, 0x00, 0x00, 0x00, 0x00, 0x00, 0x00, 0x00, 0x00, 0x00, 0x00, 0xEC,
    0x00, 0x00, 0x00, 0x05, 0x00, 0x00, 0x00, 0x04, 0x00, 0x00, 0x00, 0x04, 0x00, 0x00, 0x00, 0x05,
    0x00, 0x00, 0x00, 0x00, 0x00, 0x00, 0x00, 0x00, 0x00, 0x00, 0x00, 0xED, 0x00, 0x00, 0x00, 0x05,
    0x00, 0x00, 0x00, 0x04, 0x00, 0x00, 0x00, 0x04, 0x00, 0x00, 0x00, 0x05, 0x00, 0x00, 0x00, 0x00,
    0x00, 0x00, 0x00, 0x00, 0x00, 0x00, 0x00, 0xEE, 0x00, 0x00, 0x00, 0x05, 0x00, 0x00, 0x00, 0x04,
    0x00, 0x00, 0x00, 0x04, 0x00, 0x00, 0x00, 0x05, 0x00, 0x00, 0x00, 0x00, 0x00, 0x00, 0x00, 0x00,
    0x00, 0x00, 0x00, 0xEF, 0x00, 0x00, 0x00, 0x05, 0x00, 0x00, 0x00, 0x04, 0x00, 0x00, 0x00, 0x04,
    0x00, 0x00, 0x00, 0x05, 0x00, 0x00, 0x00, 0x00, 0x00, 0x00, 0x00, 0x00, 0x00, 0x00, 0x00, 0xF0,
    0x00, 0x00, 0x00, 0x04, 0x00, 0x00, 0x00, 0x04, 0x00, 0x00, 0x00, 0x04, 0x00, 0x00, 0x00, 0x04,
    0x00, 0x00, 0x00, 0x00, 0x00, 0x00, 0x00, 0x00, 0x00, 0x00, 0x00, 0xF1, 0x00, 0x00, 0x00, 0x06,
    0x00, 0x00, 0x00, 0x04, 0x00, 0x00, 0x00, 0x04, 0x00, 0x00, 0x00, 0x06, 0x00, 0x00, 0x00, 0x00,
    0x00, 0x00, 0x00, 0x00, 0x00, 0x00, 0x00, 0xF2, 0x00, 0x00, 0x00, 0x05, 0x00, 0x00, 0x00, 0x04,
    0x00, 0x00, 0x00, 0x04, 0x00, 0x00, 0x00, 0x05, 0x00, 0x00, 0x00, 0x00, 0x00, 0x00, 0x00, 0x00,
    0x00, 0x00, 0x00, 0xF3, 0x00, 0x00, 0x00, 0x05, 0x00, 0x00, 0x00, 0x04, 0x00, 0x00, 0x00, 0x04,
    0x00, 0x00, 0x00, 0x05, 0x00, 0x00, 0x00, 0x00, 0x00, 0x00, 0x00, 0x00, 0x00, 0x00, 0x00, 0xF4,
    0x00, 0x00, 0x00, 0x05, 0x00, 0x00, 0x00, 0x04, 0x00, 0x00, 0x00, 0x04, 0x00, 0x00, 0x00, 0x05,
    0x00, 0x00, 0x00, 0x00, 0x00, 0x00, 0x00, 0x00, 0x00, 0x00, 0x00, 0xF5, 0x00, 0x00, 0x00, 0x06,
    0x00, 0x00, 0x00, 0x04, 0x00, 0x00, 0x00, 0x04, 0x00, 0x00, 0x00, 0x06, 0x00, 0x00, 0x00, 0x00,
    0x00, 0x00, 0x00, 0x00, 0x00, 0x00, 0x00, 0xF6, 0x00, 0x00, 0x00, 0x05, 0x00, 0x00, 0x00, 0x04,
    0x00, 0x00, 0x00, 0x04, 0x00, 0x00, 0x00, 0x05, 0x00, 0x00, 0x00, 0x00, 0x00, 0x00, 0x00, 0x00,
    0x00, 0x00, 0x00, 0xF7, 0x00, 0x00, 0x00, 0x03, 0x00, 0x00, 0x00, 0x04, 0x00, 0x00, 0x00, 0x04,
    0x00, 0x00, 0x00, 0x03, 0x00, 0x00, 0x00, 0x00, 0x00, 0x00, 0x00, 0x00, 0x00, 0x00, 0x00, 0xF8,
    0x00, 0x00, 0x00, 0x05, 0x00, 0x00, 0x00, 0x04, 0x00, 0x00, 0x00, 0x04, 0x00, 0x00, 0x00, 0x04,
    0x00, 0x00, 0x00, 0x00, 0x00, 0x00, 0x00, 0x00, 0x00, 0x00, 0x00, 0xF9, 0x00, 0x00, 0x00, 0x05,
    0x00, 0x00, 0x00, 0x04, 0x00, 0x00, 0x00, 0x04, 0x00, 0x00, 0x00, 0x05, 0x00, 0x00, 0x00, 0x00,
    0x00, 0x00, 0x00, 0x00, 0x00, 0x00, 0x00, 0xFA, 0x00, 0x00, 0x00, 0x05, 0x00, 0x00, 0x00, 0x04,
    0x00, 0x00, 0x00, 0x04, 0x00, 0x00, 0x00, 0x05, 0x00, 0x00, 0x00, 0x00, 0x00, 0x00, 0x00, 0x00,
    0x00, 0x00, 0x00, 0xFB, 0x00, 0x00, 0x00, 0x05, 0x00, 0x00, 0x00, 0x04, 0x00, 0x00, 0x00, 0x04,
    0x00, 0x00, 0x00, 0x05, 0x00, 0x00, 0x00, 0x00, 0x00, 0x00, 0x00, 0x00, 0x00, 0x00, 0x00, 0xFC,
    0x00, 0x00, 0x00, 0x05, 0x00, 0x00, 0x00, 0x04, 0x00, 0x00, 0x00, 0x04, 0x00, 0x00, 0x00, 0x05,
    0x00, 0x00, 0x00, 0x00, 0x00, 0x00, 0x00, 0x00, 0x00, 0x00, 0x00, 0xFD, 0x00, 0x00, 0x00, 0x06,
    0x00, 0x00, 0x00, 0x04, 0x00, 0x00, 0x00, 0x04, 0x00, 0x00, 0x00, 0x05, 0x00, 0x00, 0x00, 0x00,
    0x00, 0x00, 0x00, 0x00, 0x00, 0x00, 0x00, 0xFE, 0x00, 0x00, 0x00, 0x05, 0x00, 0x00, 0x00, 0x04,
    0x00, 0x00, 0x00, 0x04, 0x00, 0x00, 0x00, 0x04, 0x00, 0x00, 0x00, 0x00, 0x00, 0x00, 0x00, 0x00,
    0x00, 0x00, 0x00, 0xFF, 0x00, 0x00, 0x00, 0x06, 0x00, 0x00, 0x00, 0x04, 0x00, 0x00, 0x00, 0x04,
    0x00, 0x00, 0x00, 0x05, 0x00, 0x00, 0x00, 0x00, 0x00, 0x00, 0x00, 0x00, 0x00, 0x00, 0x20, 0x13,
    0x00, 0x00, 0x00, 0x01, 0x00, 0x00, 0x00, 0x03, 0x00, 0x00, 0x00, 0x04, 0x00, 0x00, 0x00, 0x02,
    0x00, 0x00, 0x00, 0x00, 0x00, 0x00, 0x00, 0x00, 0x00, 0x00, 0x20, 0x14, 0x00, 0x00, 0x00, 0x01,
    0x00, 0x00, 0x00, 0x04, 0x00, 0x00, 0x00, 0x04, 0x00, 0x00, 0x00, 0x02, 0x00, 0x00, 0x00, 0x00,
    0x00, 0x00, 0x00, 0x00, 0x00, 0x00, 0x20, 0x18, 0x00, 0x00, 0x00, 0x02, 0x00, 0x00, 0x00, 0x02,
    0x00, 0x00, 0x00, 0x04, 0x00, 0x00, 0x00, 0x04, 0x00, 0x00, 0x00, 0x01, 0x00, 0x00, 0x00, 0x00,
    0x00, 0x00, 0x20, 0x19, 0x00, 0x00, 0x00, 0x02, 0x00, 0x00, 0x00, 0x02, 0x00, 0x00, 0x00, 0x04,
    0x00, 0x00, 0x00, 0x04, 0x00, 0x00, 0x00, 0x01, 0x00, 0x00, 0x00, 0x00, 0x00, 0x00, 0x20, 0x1C,
    0x00, 0x00, 0x00, 0x02, 0x00, 0x00, 0x00, 0x03, 0x00, 0x00, 0x00, 0x04, 0x00, 0x00, 0x00, 0x04,
    0x00, 0x00, 0x00, 0x00, 0x00, 0x00, 0x00, 0x00, 0x00, 0x00, 0x20, 0x1D, 0x00, 0x00, 0x00, 0x02,
    0x00, 0x00, 0x00, 0x03, 0x00, 0x00, 0x00, 0x04, 0x00, 0x00, 0x00, 0x04, 0x00, 0x00, 0x00, 0x00,
    0x00, 0x00, 0x00, 0x00, 0x00, 0x00, 0x20, 0x26, 0x00, 0x00, 0x00, 0x01, 0x00, 0x00, 0x00, 0x04,
    0x00, 0x00, 0x00, 0x04, 0x00, 0x00, 0x00, 0x01, 0x00, 0x00, 0x00, 0x00, 0x00, 0x00, 0x00, 0x00,
    0x00, 0x00, 0x20, 0xAC, 0x00, 0x00, 0x00, 0x04, 0x00, 0x00, 0x00, 0x04, 0x00, 0x00, 0x00, 0x04,
    0x00, 0x00, 0x00, 0x04, 0x00, 0x00, 0x00, 0x00, 0x00, 0x00, 0x00, 0x00, 0x00, 0x00, 0x21, 0xE7,
    0x00, 0x00, 0x00, 0x04, 0x00, 0x00, 0x00, 0x03, 0x00, 0x00, 0x00, 0x04, 0x00, 0x00, 0x00, 0x04,
    0x00, 0x00, 0x00, 0x00, 0x00, 0x00, 0x00, 0x00, 0x00, 0x00, 0x21, 0xE9, 0x00, 0x00, 0x00, 0x05,
    0x00, 0x00, 0x00, 0x03, 0x00, 0x00, 0x00, 0x04, 0x00, 0x00, 0x00, 0x04, 0x00, 0x00, 0x00, 0x00,
    0x00, 0x00, 0x00, 0x00, 0x00, 0x00, 0x22, 0x60, 0x00, 0x00, 0x00, 0x04, 0x00, 0x00, 0x00, 0x04,
    0x00, 0x00, 0x00, 0x04, 0x00, 0x00, 0x00, 0x04, 0x00, 0x00, 0x00, 0x00, 0x00, 0x00, 0x00, 0x00,
    0x00, 0x00, 0x22, 0x61, 0x00, 0x00, 0x00, 0x03, 0x00, 0x00, 0x00, 0x04, 0x00, 0x00, 0x00, 0x04,
    0x00, 0x00, 0x00, 0x03, 0x00, 0x00, 0x00, 0x00, 0x00, 0x00, 0x00, 0x00, 0x00, 0x00, 0x22, 0x64,
    0x00, 0x00, 0x00, 0x04, 0x00, 0x00, 0x00, 0x04, 0x00, 0x00, 0x00, 0x04, 0x00, 0x00, 0x00, 0x04,
    0x00, 0x00, 0x00, 0x00, 0x00, 0x00, 0x00, 0x00, 0x00, 0x00, 0x22, 0x65, 0x00, 0x00, 0x00, 0x04,
    0x00, 0x00, 0x00, 0x04, 0x00, 0x00, 0x00, 0x04, 0x00, 0x00, 0x00, 0x04, 0x00, 0x00, 0x00, 0x00,
    0x00, 0x00, 0x00, 0x00, 0x00, 0x00, 0x23, 0x15, 0x00, 0x00, 0x00, 0x05, 0x00, 0x00, 0x00, 0x04,
    0x00, 0x00, 0x00, 0x05, 0x00, 0x00, 0x00, 0x05, 0x00, 0x00, 0x00, 0x00, 0x00, 0x00, 0x00, 0x00,
    0x00, 0x00, 0x23, 0x2B, 0x00, 0x00, 0x00, 0x04, 0x00, 0x00, 0x00, 0x05, 0x00, 0x00, 0x00, 0x05,
    0x00, 0x00, 0x00, 0x05, 0x00, 0x00, 0x00, 0x00, 0x00, 0x00, 0x00, 0x00, 0x00, 0x00, 0x23, 0xCE,
    0x00, 0x00, 0x00, 0x05, 0x00, 0x00, 0x00, 0x05, 0x00, 0x00, 0x00, 0x05, 0x00, 0x00, 0x00, 0x05,
    0x00, 0x00, 0x00, 0x00, 0x00, 0x00, 0x00, 0x00, 0x00, 0x00, 0x25, 0x00, 0x00, 0x00, 0x00, 0x01,
    0x00, 0x00, 0x00, 0x04, 0x00, 0x00, 0x00, 0x04, 0x00, 0x00, 0x00, 0x03, 0x00, 0x00, 0x00, 0x00,
    0x00, 0x00, 0x00, 0x00, 0x00, 0x00, 0x25, 0x01, 0x00, 0x00, 0x00, 0x02, 0x00, 0x00, 0x00, 0x04,
    0x00, 0x00, 0x00, 0x04, 0x00, 0x00, 0x00, 0x03, 0x00, 0x00, 0x00, 0x00, 0x00, 0x00, 0x00, 0x00,
    0x00, 0x00, 0x25, 0x02, 0x00, 0x00, 0x00, 0x08, 0x00, 0x00, 0x00, 0x01, 0x00, 0x00, 0x00, 0x04,
    0x00, 0x00, 0x00, 0x06, 0x00, 0x00, 0x00, 0x01, 0x00, 0x00, 0x00, 0x00, 0x00, 0x00, 0x25, 0x03,
    0x00, 0x00, 0x00, 0x08, 0x00, 0x00, 0x00, 0x02, 0x00, 0x00, 0x00, 0x04, 0x00, 0x00, 0x00, 0x06,
    0x00, 0x00, 0x00, 0x01, 0x00, 0x00, 0x00, 0x00, 0x00, 0x00, 0x25, 0x04, 0x00, 0x00, 0x00, 0x01,
    0x00, 0x00, 0x00, 0x04, 0x00, 0x00, 0x00, 0x04, 0x00, 0x00, 0x00, 0x03, 0x00, 0x00, 0x00, 0x00,
    0x00, 0x00, 0x00, 0x00, 0x00, 0x00, 0x25, 0x05, 0x00, 0x00, 0x00, 0x02, 0x00, 0x00, 0x00, 0x04,
    0x00, 0x00, 0x00, 0x04, 0x00, 0x00, 0x00, 0x03, 0x00, 0x00, 0x00, 0x00, 0x00, 0x00, 0x00, 0x00,
    0x00, 0x00, 0x25, 0x06, 0x00, 0x00, 0x00, 0x08, 0x00, 0x00, 0x00, 0x01, 0x00, 0x00, 0x00, 0x04,
    0x00, 0x00, 0x00, 0x06, 0x00, 0x00, 0x00, 0x01, 0x00, 0x00, 0x00, 0x00, 0x00, 0x00, 0x25, 0x07,
    0x00, 0x00, 0x00, 0x08, 0x00, 0x00, 0x00, 0x02, 0x00, 0x00, 0x00, 0x04, 0x00, 0x00, 0x00, 0x06,
    0x00, 0x00, 0x00, 0x01, 0x00, 0x00, 0x00, 0x00, 0x00, 0x00, 0x25, 0x08, 0x00, 0x00, 0x00, 0x01,
    0x00, 0x00, 0x00, 0x04, 0x00, 0x00, 0x00, 0x04, 0x00, 0x00, 0x00, 0x03, 0x00, 0x00, 0x00, 0x00,
    0x00, 0x00, 0x00, 0x00, 0x00, 0x00, 0x25, 0x09, 0x00, 0x00, 0x00, 0x02, 0x00, 0x00, 0x00, 0x04,
    0x00, 0x00, 0x00, 0x04, 0x00, 0x00, 0x00, 0x03, 0x00, 0x00, 0x00, 0x00, 0x00, 0x00, 0x00, 0x00,
    0x00, 0x00, 0x25, 0x0A, 0x00, 0x00, 0x00, 0x08, 0x00, 0x00, 0x00, 0x01, 0x00, 0x00, 0x00, 0x04,
    0x00, 0x00, 0x00, 0x06, 0x00, 0x00, 0x00, 0x01, 0x00, 0x00, 0x00, 0x00, 0x00, 0x00, 0x25, 0x0B,
    0x00, 0x00, 0x00, 0x08, 0x00, 0x00, 0x00, 0x02, 0x00, 0x00, 0x00, 0x04, 0x00, 0x00, 0x00, 0x06,
    0x00, 0x00, 0x00, 0x01, 0x00, 0x00, 0x00, 0x00, 0x00, 0x00, 0x25, 0x0C, 0x00, 0x00, 0x00, 0x05,
    0x00, 0x00, 0x00, 0x03, 0x00, 0x00, 0x00, 0x04, 0x00, 0x00, 0x00, 0x03, 0x00, 0x00, 0x00, 0x01,
    0x00, 0x00, 0x00, 0x00, 0x00, 0x00, 0x25, 0x0D, 0x00, 0x00, 0x00, 0x05, 0x00, 0x00, 0x00, 0x03,
    0x00, 0x00, 0x00, 0x04, 0x00, 0x00, 0x00, 0x03, 0x00, 0x00, 0x00, 0x01, 0x00, 0x00, 0x00, 0x00,
    0x00, 0x00, 0x25, 0x0E, 0x00, 0x00, 0x00, 0x05, 0x00, 0x00, 0x00, 0x03, 0x00, 0x00, 0x00, 0x04,
    0x00, 0x00, 0x00, 0x03, 0x00, 0x00, 0x00, 0x01, 0x00, 0x00, 0x00, 0x00, 0x00, 0x00, 0x25, 0x0F,
    0x00, 0x00, 0x00, 0x05, 0x00, 0x00, 0x00, 0x03, 0x00, 0x00, 0x00, 0x04, 0x00, 0x00, 0x00, 0x03,
    0x00, 0x00, 0x00, 0x01, 0x00, 0x00, 0x00, 0x00, 0x00, 0x00, 0x25, 0x10, 0x00, 0x00, 0x00, 0x05,
    0x00, 0x00, 0x00, 0x04, 0x00, 0x00, 0x00, 0x04, 0x00, 0x00, 0x00, 0x03, 0x00, 0x00, 0x00, 0x00,
    0x00, 0x00, 0x00, 0x00, 0x00, 0x00, 0x25, 0x11, 0x00, 0x00, 0x00, 0x05, 0x00, 0x00, 0x00, 0x04,
    0x00, 0x00, 0x00, 0x04, 0x00, 0x00, 0x00, 0x03, 0x00, 0x00, 0x00, 0x00, 0x00, 0x00, 0x00, 0x00,
    0x00, 0x00, 0x25, 0x12, 0x00, 0x00, 0x00, 0x05, 0x00, 0x00, 0x00, 0x04, 0x00, 0x00, 0x00, 0x04,
    0x00, 0x00, 0x00, 0x03, 0x00, 0x00, 0x00, 0x00, 0x00, 0x00, 0x00, 0x00, 0x00, 0x00, 0x25, 0x13,
    0x00, 0x00, 0x00, 0x05, 0x00, 0x00, 0x00, 0x04, 0x00, 0x00, 0x00, 0x04, 0x00, 0x00, 0x00, 0x03,
    0x00, 0x00, 0x00, 0x00, 0x00, 0x00, 0x00, 0x00, 0x00, 0x00, 0x25, 0x14, 0x00, 0x00, 0x00, 0x04,
    0x00, 0x00, 0x00, 0x03, 0x00, 0x00, 0x00, 0x04, 0x00, 0x00, 0x00, 0x06, 0x00, 0x00, 0x00, 0x01,
    0x00, 0x00, 0x00, 0x00, 0x00, 0x00, 0x25, 0x15, 0x00, 0x00, 0x00, 0x05, 0x00, 0x00, 0x00, 0x03,
    0x00, 0x00, 0x00, 0x04, 0x00, 0x00, 0x00, 0x06, 0x00, 0x00, 0x00, 0x01, 0x00, 0x00, 0x00, 0x00,
    0x00, 0x00, 0x25, 0x16, 0x00, 0x00, 0x00, 0x04, 0x00, 0x00, 0x00, 0x03, 0x00, 0x00, 0x00, 0x04,
    0x00, 0x00, 0x00, 0x06, 0x00, 0x00, 0x00, 0x01, 0x00, 0x00, 0x00, 0x00, 0x00, 0x00, 0x25, 0x17,
    0x00, 0x00, 0x00, 0x05, 0x00, 0x00, 0x00, 0x03, 0x00, 0x00, 0x00, 0x04, 0x00, 0x00, 0x00, 0x06,
    0x00, 0x00, 0x00, 0x01, 0x00, 0x00, 0x00, 0x00, 0x00, 0x00, 0x25, 0x18, 0x00, 0x00, 0x00, 0x04,
    0x00, 0x00, 0x00, 0x04, 0x00, 0x00, 0x00, 0x04, 0x00, 0x00, 0x00, 0x06, 0x00, 0x00, 0x00, 0x00,
    0x00, 0x00, 0x00, 0x00, 0x00, 0x00, 0x25, 0x19, 0x00, 0x00, 0x00, 0x05, 0x00, 0x00, 0x00, 0x04,
    0x00, 0x00, 0x00, 0x04, 0x00, 0x00, 0x00, 0x06, 0x00, 0x00, 0x00, 0x00, 0x00, 0x00, 0x00, 0x00,
    0x00, 0x00, 0x25, 0x1A, 0x00, 0x00, 0x00, 0x04, 0x00, 0x00, 0x00, 0x04, 0x00, 0x00, 0x00, 0x04,
    0x00, 0x00, 0x00, 0x06, 0x00, 0x00, 0x00, 0x00, 0x00, 0x00, 0x00, 0x00, 0x00, 0x00, 0x25, 0x1B,
    0x00, 0x00, 0x00, 0x05, 0x00, 0x00, 0x00, 0x04, 0x00, 0x00, 0x00, 0x04, 0x00, 0x00, 0x00, 0x06,
    0x00, 0x00, 0x00, 0x00, 0x00, 0x00, 0x00, 0x00, 0x00, 0x00, 0x25, 0x1C, 0x00, 0x00, 0x00, 0x08,
    0x00, 0x00, 0x00, 0x03, 0x00, 0x00, 0x00, 0x04, 0x00, 0x00, 0x00, 0x06, 0x00, 0x00, 0x00, 0x01,
    0x00, 0x00, 0x00, 0x00, 0x00, 0x00, 0x25, 0x1D, 0x00, 0x00, 0x00, 0x08, 0x00, 0x00, 0x00, 0x03,
    0x00, 0x00, 0x00, 0x04, 0x00, 0x00, 0x00, 0x06, 0x00, 0x00, 0x00, 0x01, 0x00, 0x00, 0x00, 0x00,
    0x00, 0x00, 0x25, 0x1E, 0x00, 0x00, 0x00, 0x08, 0x00, 0x00, 0x00, 0x03, 0x00, 0x00, 0x00, 0x04,
    0x00, 0x00, 0x00, 0x06, 0x00, 0x00, 0x00, 0x01, 0x00, 0x00, 0x00, 0x00, 0x00, 0x00, 0x25, 0x1F,
    0x00, 0x00, 0x00, 0x08, 0x00, 0x00, 0x00, 0x03, 0x00, 0x00, 0x00, 0x04, 0x00, 0x00, 0x00, 0x06,
    0x00, 0x00, 0x00, 0x01, 0x00, 0x00, 0x00, 0x00, 0x00, 0x00, 0x25, 0x20, 0x00, 0x00, 0x00, 0x08,
    0x00, 0x00, 0x00, 0x03, 0x00, 0x00, 0x00, 0x04, 0x00, 0x00, 0x00, 0x06, 0x00, 0x00, 0x00, 0x01,
    0x00, 0x00, 0x00, 0x00, 0x00, 0x00, 0x25, 0x21, 0x00, 0x00, 0x00, 0x08, 0x00, 0x00, 0x00, 0x03,
    0x00, 0x00, 0x00, 0x04, 0x00, 0x00, 0x00, 0x06, 0x00, 0x00, 0x00, 0x01, 0x00, 0x00, 0x00, 0x00,
    0x00, 0x00, 0x25, 0x22, 0x00, 0x00, 0x00, 0x08, 0x00, 0x00, 0x00, 0x03, 0x00, 0x00, 0x00, 0x04,
    0x00, 0x00, 0x00, 0x06, 0x00, 0x00, 0x00, 0x01, 0x00, 0x00, 0x00, 0x00, 0x00, 0x00, 0x25, 0x23,
    0x00, 0x00, 0x00, 0x08, 0x00, 0x00, 0x00, 0x03, 0x00, 0x00, 0x00, 0x04, 0x00, 0x00, 0x00, 0x06,
    0x00, 0x00, 0x00, 0x01, 0x00, 0x00, 0x00, 0x00, 0x00, 0x00, 0x25, 0x24, 0x00, 0x00, 0x00, 0x08,
    0x00, 0x00, 0x00, 0x04, 0x00, 0x00, 0x00, 0x04, 0x00, 0x00, 0x00, 0x06, 0x00, 0x00, 0x00, 0x00,
    0x00, 0x00, 0x00, 0x00, 0x00, 0x00, 0x25, 0x25, 0x00, 0x00, 0x00, 0x08, 0x00, 0x00, 0x00, 0x04,
    0x00, 0x00, 0x00, 0x04, 0x00, 0x00, 0x00, 0x06, 0x00, 0x00, 0x00, 0x00, 0x00, 0x00, 0x00, 0x00,
    0x00, 0x00, 0x25, 0x26, 0x00, 0x00, 0x00, 0x08, 0x00, 0x00, 0x00, 0x04, 0x00, 0x00, 0x00, 0x04,
    0x00, 0x00, 0x00, 0x06, 0x00, 0x00, 0x00, 0x00, 0x00, 0x00, 0x00, 0x00, 0x00, 0x00, 0x25, 0x27,
    0x00, 0x00, 0x00, 0x08, 0x00, 0x00, 0x00, 0x04, 0x00, 0x00, 0x00, 0x04, 0x00, 0x00, 0x00, 0x06,
    0x00, 0x00, 0x00, 0x00, 0x00, 0x00, 0x00, 0x00, 0x00, 0x00, 0x25, 0x28, 0x00, 0x00, 0x00, 0x08,
    0x00, 0x00, 0x00, 0x04, 0x00, 0x00, 0x00, 0x04, 0x00, 0x00, 0x00, 0x06, 0x00, 0x00, 0x00, 0x00,
    0x00, 0x00, 0x00, 0x00, 0x00, 0x00, 0x25, 0x29, 0x00, 0x00, 0x00, 0x08, 0x00, 0x00, 0x00, 0x04,
    0x00, 0x00, 0x00, 0x04, 0x00, 0x00, 0x00, 0x06, 0x00, 0x00, 0x00, 0x00, 0x00, 0x00, 0x00, 0x00,
    0x00, 0x00, 0x25, 0x2A, 0x00, 0x00, 0x00, 0x08, 0x00, 0x00, 0x00, 0x04, 0x00, 0x00, 0x00, 0x04,
    0x00, 0x00, 0x00, 0x06, 0x00, 0x00, 0x00, 0x00, 0x00, 0x00, 0x00, 0x00, 0x00, 0x00, 0x25, 0x2B,
    0x00, 0x00, 0x00, 0x08, 0x00, 0x00, 0x00, 0x04, 0x00, 0x00, 0x00, 0x04, 0x00, 0x00, 0x00, 0x06,
    0x00, 0x00, 0x00, 0x00, 0x00, 0x00, 0x00, 0x00, 0x00, 0x00, 0x25, 0x2C, 0x00, 0x00, 0x00, 0x05,
    0x00, 0x00, 0x00, 0x04, 0x00, 0x00, 0x00, 0x04, 0x00, 0x00, 0x00, 0x03, 0x00, 0x00, 0x00, 0x00,
    0x00, 0x00, 0x00, 0x00, 0x00, 0x00, 0x25, 0x2D, 0x00, 0x00, 0x00, 0x05, 0x00, 0x00, 0x00, 0x04,
    0x00, 0x00, 0x00, 0x04, 0x00, 0x00, 0x00, 0x03, 0x00, 0x00, 0x00, 0x00, 0x00, 0x00, 0x00, 0x00,
    0x00, 0x00, 0x25, 0x2E, 0x00, 0x00, 0x00, 0x05, 0x00, 0x00, 0x00, 0x04, 0x00, 0x00, 0x00, 0x04,
    0x00, 0x00, 0x00, 0x03, 0x00, 0x00, 0x00, 0x00, 0x00, 0x00, 0x00, 0x00, 0x00, 0x00, 0x25, 0x2F,
    0x00, 0x00, 0x00, 0x05, 0x00, 0x00, 0x00, 0x04, 0x00, 0x00, 0x00, 0x04, 0x00, 0x00, 0x00, 0x03,
    0x00, 0x00, 0x00, 0x00, 0x00, 0x00, 0x00, 0x00, 0x00, 0x00, 0x25, 0x30, 0x00, 0x00, 0x00, 0x05,
    0x00, 0x00, 0x00, 0x04, 0x00, 0x00, 0x00, 0x04, 0x00, 0x00, 0x00, 0x03, 0x00, 0x00, 0x00, 0x00,
    0x00, 0x00, 0x00, 0x00, 0x00, 0x00, 0x25, 0x31, 0x00, 0x00, 0x00, 0x05, 0x00, 0x00, 0x00, 0x04,
    0x00, 0x00, 0x00, 0x04, 0x00, 0x00, 0x00, 0x03, 0x00, 0x00, 0x00, 0x00, 0x00, 0x00, 0x00, 0x00,
    0x00, 0x00, 0x25, 0x32, 0x00, 0x00, 0x00, 0x05, 0x00, 0x00, 0x00, 0x04, 0x00, 0x00, 0x00, 0x04,
    0x00, 0x00, 0x00, 0x03, 0x00, 0x00, 0x00, 0x00, 0x00, 0x00, 0x00, 0x00, 0x00, 0x00, 0x25, 0x33,
    0x00, 0x00, 0x00, 0x05, 0x00, 0x00, 0x00, 0x04, 0x00, 0x00, 0x00, 0x04, 0x00, 0x00, 0x00, 0x03,
    0x00, 0x00, 0x00, 0x00, 0x00, 0x00, 0x00, 0x00, 0x00, 0x00, 0x25, 0x34, 0x00, 0x00, 0x00, 0x04,
    0x00, 0x00, 0x00, 0x04, 0x00, 0x00, 0x00, 0x04, 0x00, 0x00, 0x00, 0x06, 0x00, 0x00, 0x00, 0x00,
    0x00, 0x00, 0x00, 0x00, 0x00, 0x00, 0x25, 0x35, 0x00, 0x00, 0x00, 0x05, 0x00, 0x00, 0x00, 0x04,
    0x00, 0x00, 0x00, 0x04, 0x00, 0x00, 0x00, 0x06, 0x00, 0x00, 0x00, 0x00, 0x00, 0x00, 0x00, 0x00,
    0x00, 0x00, 0x25, 0x36, 0x00, 0x00, 0x00, 0x05, 0x00, 0x00, 0x00, 0x04, 0x00, 0x00, 0x00, 0x04,
    0x00, 0x00, 0x00, 0x06, 0x00, 0x00, 0x00, 0x00, 0x00, 0x00, 0x00, 0x00, 0x00, 0x00, 0x25, 0x37,
    0x00, 0x00, 0x00, 0x05, 0x00, 0x00, 0x00, 0x04, 0x00, 0x00, 0x00, 0x04, 0x00, 0x00, 0x00, 0x06,
    0x00, 0x00, 0x00, 0x00, 0x00, 0x00, 0x00, 0x00, 0x00, 0x00, 0x25, 0x38, 0x00, 0x00, 0x00, 0x04,
    0x00, 0x00, 0x00, 0x04, 0x00, 0x00, 0x00, 0x04, 0x00, 0x00, 0x00, 0x06, 0x00, 0x00, 0x00, 0x00,
    0x00, 0x00, 0x00, 0x00, 0x00, 0x00, 0x25, 0x39, 0x00, 0x00, 0x00, 0x05, 0x00, 0x00, 0x00, 0x04,
    0x00, 0x00, 0x00, 0x04, 0x00, 0x00, 0x00, 0x06, 0x00, 0x00, 0x00, 0x00, 0x00, 0x00, 0x00, 0x00,
    0x00, 0x00, 0x25, 0x3A, 0x00, 0x00, 0x00, 0x05, 0x00, 0x00, 0x00, 0x04, 0x00, 0x00, 0x00, 0x04,
    0x00, 0x00, 0x00, 0x06, 0x00, 0x00, 0x00, 0x00, 0x00, 0x00, 0x00, 0x00, 0x00, 0x00, 0x25, 0x3B,
    0x00, 0x00, 0x00, 0x05, 0x00, 0x00, 0x00, 0x04, 0x00, 0x00, 0x00, 0x04, 0x00, 0x00, 0x00, 0x06,
    0x00, 0x00, 0x00, 0x00, 0x00, 0x00, 0x00, 0x00, 0x00, 0x00, 0x25, 0x3C, 0x00, 0x00, 0x00, 0x08,
    0x00, 0x00, 0x00, 0x04, 0x00, 0x00, 0x00, 0x04, 0x00, 0x00, 0x00, 0x06, 0x00, 0x00, 0x00, 0x00,
    0x00, 0x00, 0x00, 0x00, 0x00, 0x00, 0x25, 0x3D, 0x00, 0x00, 0x00, 0x08, 0x00, 0x00, 0x00, 0x04,
    0x00, 0x00, 0x00, 0x04, 0x00, 0x00, 0x00, 0x06, 0x00, 0x00, 0x00, 0x00, 0x00, 0x00, 0x00, 0x00,
    0x00, 0x00, 0x25, 0x3E, 0x00, 0x00, 0x00, 0x08, 0x00, 0x00, 0x00, 0x04, 0x00, 0x00, 0x00, 0x04,
    0x00, 0x00, 0x00, 0x06, 0x00, 0x00, 0x00, 0x00, 0x00, 0x00, 0x00, 0x00, 0x00, 0x00, 0x25, 0x3F,
    0x00, 0x00, 0x00, 0x08, 0x00, 0x00, 0x00, 0x04, 0x00, 0x00, 0x00, 0x04, 0x00, 0x00, 0x00, 0x06,
    0x00, 0x00, 0x00, 0x00, 0x00, 0x00, 0x00, 0x00, 0x00, 0x00, 0x25, 0x40, 0x00, 0x00, 0x00, 0x08,
    0x00, 0x00, 0x00, 0x04, 0x00, 0x00, 0x00, 0x04, 0x00, 0x00, 0x00, 0x06, 0x00, 0x00, 0x00, 0x00,
    0x00, 0x00, 0x00, 0x00, 0x00, 0x00, 0x25, 0x41, 0x00, 0x00, 0x00, 0x08, 0x00, 0x00, 0x00, 0x04,
    0x00, 0x00, 0x00, 0x04, 0x00, 0x00, 0x00, 0x06, 0x00, 0x00, 0x00, 0x00, 0x00, 0x00, 0x00, 0x00,
    0x00, 0x00, 0x25, 0x42, 0x00, 0x00, 0x00, 0x08, 0x00, 0x00, 0x00, 0x04, 0x00, 0x00, 0x00, 0x04,
    0x00, 0x00, 0x00, 0x06, 0x00, 0x00, 0x00, 0x00, 0x00, 0x00, 0x00, 0x00, 0x00, 0x00, 0x25, 0x43,
    0x00, 0x00, 0x00, 0x08, 0x00, 0x00, 0x00, 0x04, 0x00, 0x00, 0x00, 0x04, 0x00, 0x00, 0x00, 0x06,
    0x00, 0x00, 0x00, 0x00, 0x00, 0x00, 0x00, 0x00, 0x00, 0x00, 0x25, 0x44, 0x00, 0x00, 0x00, 0x08,
    0x00, 0x00, 0x00, 0x04, 0x00, 0x00, 0x00, 0x04, 0x00, 0x00, 0x00, 0x06, 0x00, 0x00, 0x00, 0x00,
    0x00, 0x00, 0x00, 0x00, 0x00, 0x00, 0x25, 0x45, 0x00, 0x00, 0x00, 0x08, 0x00, 0x00, 0x00, 0x04,
    0x00, 0x00, 0x00, 0x04, 0x00, 0x00, 0x00, 0x06, 0x00, 0x00, 0x00, 0x00, 0x00, 0x00, 0x00, 0x00,
    0x00, 0x00, 0x25, 0x46, 0x00, 0x00, 0x00, 0x08, 0x00, 0x00, 0x00, 0x04, 0x00, 0x00, 0x00, 0x04,
    0x00, 0x00, 0x00, 0x06, 0x00, 0x00, 0x00, 0x00, 0x00, 0x00, 0x00, 0x00, 0x00, 0x00, 0x25, 0x47,
    0x00, 0x00, 0x00, 0x08, 0x00, 0x00, 0x00, 0x04, 0x00, 0x00, 0x00, 0x04, 0x00, 0x00, 0x00, 0x06,
    0x00, 0x00, 0x00, 0x00, 0x00, 0x00, 0x00, 0x00, 0x00, 0x00, 0x25, 0x48, 0x00, 0x00, 0x00, 0x08,
    0x00, 0x00, 0x00, 0x04, 0x00, 0x00, 0x00, 0x04, 0x00, 0x00, 0x00, 0x06, 0x00, 0x00, 0x00, 0x00,
    0x00, 0x00, 0x00, 0x00, 0x00, 0x00, 0x25, 0x49, 0x00, 0x00, 0x00, 0x08, 0x00, 0x00, 0x00, 0x04,
    0x00, 0x00, 0x00, 0x04, 0x00, 0x00, 0x00, 0x06, 0x00, 0x00, 0x00, 0x00, 0x00, 0x00, 0x00, 0x00,
    0x00, 0x00, 0x25, 0x4A, 0x00, 0x00, 0x00, 0x08, 0x00, 0x00, 0x00, 0x04, 0x00, 0x00, 0x00, 0x04,
    0x00, 0x00, 0x00, 0x06, 0x00, 0x00, 0x00, 0x00, 0x00, 0x00, 0x00, 0x00, 0x00, 0x00, 0x25, 0x4B,
    0x00, 0x00, 0x00, 0x08, 0x00, 0x00, 0x00, 0x04, 0x00, 0x00, 0x00, 0x04, 0x00, 0x00, 0x00, 0x06,
    0x00, 0x00, 0x00, 0x00, 0x00, 0x00, 0x00, 0x00, 0x00, 0x00, 0x25, 0x4C, 0x00, 0x00, 0x00, 0x01,
    0x00, 0x00, 0x00, 0x04, 0x00, 0x00, 0x00, 0x04, 0x00, 0x00, 0x00, 0x03, 0x00, 0x00, 0x00, 0x00,
    0x00, 0x00, 0x00, 0x00, 0x00, 0x00, 0x25, 0x4D, 0x00, 0x00, 0x00, 0x02, 0x00, 0x00, 0x00, 0x04,
    0x00, 0x00, 0x00, 0x04, 0x00, 0x00, 0x00, 0x03, 0x00, 0x00, 0x00, 0x00, 0x00, 0x00, 0x00, 0x00,
    0x00, 0x00, 0x25, 0x4E, 0x00, 0x00, 0x00, 0x07, 0x00, 0x00, 0x00, 0x01, 0x00, 0x00, 0x00, 0x04,
    0x00, 0x00, 0x00, 0x06, 0x00, 0x00, 0x00, 0x01, 0x00, 0x00, 0x00, 0x00, 0x00, 0x00, 0x25, 0x4F,
    0x00, 0x00, 0x00, 0x07, 0x00, 0x00, 0x00, 0x02, 0x00, 0x00, 0x00, 0x04, 0x00, 0x00, 0x00, 0x06,
    0x00, 0x00, 0x00, 0x01, 0x00, 0x00, 0x00, 0x00, 0x00, 0x00, 0x25, 0x50, 0x00, 0x00, 0x00, 0x02,
    0x00, 0x00, 0x00, 0x04, 0x00, 0x00, 0x00, 0x04, 0x00, 0x00, 0x00, 0x03, 0x00, 0x00, 0x00, 0x00,
    0x00, 0x00, 0x00, 0x00, 0x00, 0x00, 0x25, 0x51, 0x00, 0x00, 0x00, 0x08, 0x00, 0x00, 0x00, 0x02,
    0x00, 0x00, 0x00, 0x04, 0x00, 0x00, 0x00, 0x06, 0x00, 0x00, 0x00, 0x01, 0x00, 0x00, 0x00, 0x00,
    0x00, 0x00, 0x25, 0x52, 0x00, 0x00, 0x00, 0x05, 0x00, 0x00, 0x00, 0x03, 0x00, 0x00, 0x00, 0x04,
    0x00, 0x00, 0x00, 0x03, 0x00, 0x00, 0x00, 0x01, 0x00, 0x00, 0x00, 0x00, 0x00, 0x00, 0x25, 0x53,
    0x00, 0x00, 0x00, 0x05, 0x00, 0x00, 0x00, 0x03, 0x00, 0x00, 0x00, 0x04, 0x00, 0x00, 0x00, 0x03,
    0x00, 0x00, 0x00, 0x01, 0x00, 0x00, 0x00, 0x00, 0x00, 0x00, 0x25, 0x54, 0x00, 0x00, 0x00, 0x05,
    0x00, 0x00, 0x00, 0x03, 0x00, 0x00, 0x00, 0x04, 0x00, 0x00, 0x00, 0x03, 0x00, 0x00, 0x00, 0x01,
    0x00, 0x00, 0x00, 0x00, 0x00, 0x00, 0x25, 0x55, 0x00, 0x00, 0x00, 0x05, 0x00, 0x00, 0x00, 0x04,
    0x00, 0x00, 0x00, 0x04, 0x00, 0x00, 0x00, 0x03, 0x00, 0x00, 0x00, 0x00, 0x00, 0x00, 0x00, 0x00,
    0x00, 0x00, 0x25, 0x56, 0x00, 0x00, 0x00, 0x05, 0x00, 0x00, 0x00, 0x04, 0x00, 0x00, 0x00, 0x04,
    0x00, 0x00, 0x00, 0x03, 0x00, 0x00, 0x00, 0x00, 0x00, 0x00, 0x00, 0x00, 0x00, 0x00, 0x25, 0x57,
    0x00, 0x00, 0x00, 0x05, 0x00, 0x00, 0x00, 0x04, 0x00, 0x00, 0x00, 0x04, 0x00, 0x00, 0x00, 0x03,
    0x00, 0x00, 0x00, 0x00, 0x00, 0x00, 0x00, 0x00, 0x00, 0x00, 0x25, 0x58, 0x00, 0x00, 0x00, 0x05,
    0x00, 0x00, 0x00, 0x03, 0x00, 0x00, 0x00, 0x04, 0x00, 0x00, 0x00, 0x06, 0x00, 0x00, 0x00, 0x01,
    0x00, 0x00, 0x00, 0x00, 0x00, 0x00, 0x25, 0x59, 0x00, 0x00, 0x00, 0x04, 0x00, 0x00, 0x00, 0x03,
    0x00, 0x00, 0x00, 0x04, 0x00, 0x00, 0x00, 0x06, 0x00, 0x00, 0x00, 0x01, 0x00, 0x00, 0x00, 0x00,
    0x00, 0x00, 0x25, 0x5A, 0x00, 0x00, 0x00, 0x05, 0x00, 0x00, 0x00, 0x03, 0x00, 0x00, 0x00, 0x04,
    0x00, 0x00, 0x00, 0x06, 0x00, 0x00, 0x00, 0x01, 0x00, 0x00, 0x00, 0x00, 0x00, 0x00, 0x25, 0x5B,
    0x00, 0x00, 0x00, 0x05, 0x00, 0x00, 0x00, 0x04, 0x00, 0x00, 0x00, 0x04, 0x00, 0x00, 0x00, 0x06,
    0x00, 0x00, 0x00, 0x00, 0x00, 0x00, 0x00, 0x00, 0x00, 0x00, 0x25, 0x5C, 0x00, 0x00, 0x00, 0x04,
    0x00, 0x00, 0x00, 0x04, 0x00, 0x00, 0x00, 0x04, 0x00, 0x00, 0x00, 0x06, 0x00, 0x00, 0x00, 0x00,
    0x00, 0x00, 0x00, 0x00, 0x00, 0x00, 0x25, 0x5D, 0x00, 0x00, 0x00, 0x05, 0x00, 0x00, 0x00, 0x04,
    0x00, 0x00, 0x00, 0x04, 0x00, 0x00, 0x00, 0x06, 0x00, 0x00, 0x00, 0x00, 0x00, 0x00, 0x00, 0x00,
    0x00, 0x00, 0x25, 0x5E, 0x00, 0x00, 0x00, 0x08, 0x00, 0x00, 0x00, 0x03, 0x00, 0x00, 0x00, 0x04,
    0x00, 0x00, 0x00, 0x06, 0x00, 0x00, 0x00, 0x01, 0x00, 0x00, 0x00, 0x00, 0x00, 0x00, 0x25, 0x5F,
    0x00, 0x00, 0x00, 0x08, 0x00, 0x00, 0x00, 0x03, 0x00, 0x00, 0x00, 0x04, 0x00, 0x00, 0x00, 0x06,
    0x00, 0x00, 0x00, 0x01, 0x00, 0x00, 0x00, 0x00, 0x00, 0x00, 0x25, 0x60, 0x00, 0x00, 0x00, 0x08,
    0x00, 0x00, 0x00, 0x03, 0x00, 0x00, 0x00, 0x04, 0x00, 0x00, 0x00, 0x06, 0x00, 0x00, 0x00, 0x01,
    0x00, 0x00, 0x00, 0x00, 0x00, 0x00, 0x25, 0x61, 0x00, 0x00, 0x00, 0x08, 0x00, 0x00, 0x00, 0x04,
    0x00, 0x00, 0x00, 0x04, 0x00, 0x00, 0x00, 0x06, 0x00, 0x00, 0x00, 0x00, 0x00, 0x00, 0x00, 0x00,
    0x00, 0x00, 0x25, 0x62, 0x00, 0x00, 0x00, 0x08, 0x00, 0x00, 0x00, 0x04, 0x00, 0x00, 0x00, 0x04,
    0x00, 0x00, 0x00, 0x06, 0x00, 0x00, 0x00, 0x00, 0x00, 0x00, 0x00, 0x00, 0x00, 0x00, 0x25, 0x63,
    0x00, 0x00, 0x00, 0x08, 0x00, 0x00, 0x00, 0x04, 0x00, 0x00, 0x00, 0x04, 0x00, 0x00, 0x00, 0x06,
    0x00, 0x00, 0x00, 0x00, 0x00, 0x00, 0x00, 0x00, 0x00, 0x00, 0x25, 0x64, 0x00, 0x00, 0x00, 0x05,
    0x00, 0x00, 0x00, 0x04, 0x00, 0x00, 0x00, 0x04, 0x00, 0x00, 0x00, 0x03, 0x00, 0x00, 0x00, 0x00,
    0x00, 0x00, 0x00, 0x00, 0x00, 0x00, 0x25, 0x65, 0x00, 0x00, 0x00, 0x05, 0x00, 0x00, 0x00, 0x04,
    0x00, 0x00, 0x00, 0x04, 0x00, 0x00, 0x00, 0x03, 0x00, 0x00, 0x00, 0x00, 0x00, 0x00, 0x00, 0x00,
    0x00, 0x00, 0x25, 0x66, 0x00, 0x00, 0x00, 0x05, 0x00, 0x00, 0x00, 0x04, 0x00, 0x00, 0x00, 0x04,
    0x00, 0x00, 0x00, 0x03, 0x00, 0x00, 0x00, 0x00, 0x00, 0x00, 0x00, 0x00, 0x00, 0x00, 0x25, 0x67,
    0x00, 0x00, 0x00, 0x05, 0x00, 0x00, 0x00, 0x04, 0x00, 0x00, 0x00, 0x04, 0x00, 0x00, 0x00, 0x06,
    0x00, 0x00, 0x00, 0x00, 0x00, 0x00, 0x00, 0x00, 0x00, 0x00, 0x25, 0x68, 0x00, 0x00, 0x00, 0x04,
    0x00, 0x00, 0x00, 0x04, 0x00, 0x00, 0x00, 0x04, 0x00, 0x00, 0x00, 0x06, 0x00, 0x00, 0x00, 0x00,
    0x00, 0x00, 0x00, 0x00, 0x00, 0x00, 0x25, 0x69, 0x00, 0x00, 0x00, 0x05, 0x00, 0x00, 0x00, 0x04,
    0x00, 0x00, 0x00, 0x04, 0x00, 0x00, 0x00, 0x06, 0x00, 0x00, 0x00, 0x00, 0x00, 0x00, 0x00, 0x00,
    0x00, 0x00, 0x25, 0x6A, 0x00, 0x00, 0x00, 0x08, 0x00, 0x00, 0x00, 0x04, 0x00, 0x00, 0x00, 0x04,
    0x00, 0x00, 0x00, 0x06, 0x00, 0x00, 0x00, 0x00, 0x00, 0x00, 0x00, 0x00, 0x00, 0x00, 0x25, 0x6B,
    0x00, 0x00, 0x00, 0x08, 0x00, 0x00, 0x00, 0x04, 0x00, 0x00, 0x00, 0x04, 0x00, 0x00, 0x00, 0x06,
    0x00, 0x00, 0x00, 0x00, 0x00, 0x00, 0x00, 0x00, 0x00, 0x00, 0x25, 0x6C, 0x00, 0x00, 0x00, 0x08,
    0x00, 0x00, 0x00, 0x04, 0x00, 0x00, 0x00, 0x04, 0x00, 0x00, 0x00, 0x06, 0x00, 0x00, 0x00, 0x00,
    0x00, 0x00, 0x00, 0x00, 0x00, 0x00, 0x25, 0x6D, 0x00, 0x00, 0x00, 0x05, 0x00, 0x00, 0x00, 0x03,
    0x00, 0x00, 0x00, 0x04, 0x00, 0x00, 0x00, 0x03, 0x00, 0x00, 0x00, 0x01, 0x00, 0x00, 0x00, 0x00,
    0x00, 0x00, 0x25, 0x6E, 0x00, 0x00, 0x00, 0x05, 0x00, 0x00, 0x00, 0x04, 0x00, 0x00, 0x00, 0x04,
    0x00, 0x00, 0x00, 0x03, 0x00, 0x00, 0x00, 0x00, 0x00, 0x00, 0x00, 0x00, 0x00, 0x00, 0x25, 0x6F,
    0x00, 0x00, 0x00, 0x04, 0x00, 0x00, 0x00, 0x04, 0x00, 0x00, 0x00, 0x04, 0x00, 0x00, 0x00, 0x06,
    0x00, 0x00, 0x00, 0x00, 0x00, 0x00, 0x00, 0x00, 0x00, 0x00, 0x25, 0x70, 0x00, 0x00, 0x00, 0x04,
    0x00, 0x00, 0x00, 0x03, 0x00, 0x00, 0x00, 0x04, 0x00, 0x00, 0x00, 0x06, 0x00, 0x00, 0x00, 0x01,
    0x00, 0x00, 0x00, 0x00, 0x00, 0x00, 0x25, 0x71, 0x00, 0x00, 0x00, 0x08, 0x00, 0x00, 0x00, 0x04,
    0x00, 0x00, 0x00, 0x04, 0x00, 0x00, 0x00, 0x06, 0x00, 0x00, 0x00, 0x00, 0x00, 0x00, 0x00, 0x00,
    0x00, 0x00, 0x25, 0x72, 0x00, 0x00, 0x00, 0x08, 0x00, 0x00, 0x00, 0x04, 0x00, 0x00, 0x00, 0x04,
    0x00, 0x00, 0x00, 0x06, 0x00, 0x00, 0x00, 0x00, 0x00, 0x00, 0x00, 0x00, 0x00, 0x00, 0x25, 0x73,
    0x00, 0x00, 0x00, 0x08, 0x00, 0x00, 0x00, 0x04, 0x00, 0x00, 0x00, 0x04, 0x00, 0x00, 0x00, 0x06,
    0x00, 0x00, 0x00, 0x00, 0x00, 0x00, 0x00, 0x00, 0x00, 0x00, 0x25, 0x74, 0x00, 0x00, 0x00, 0x01,
    0x00, 0x00, 0x00, 0x04, 0x00, 0x00, 0x00, 0x04, 0x00, 0x00, 0x00, 0x03, 0x00, 0x00, 0x00, 0x00,
    0x00, 0x00, 0x00, 0x00, 0x00, 0x00, 0x25, 0x75, 0x00, 0x00, 0x00, 0x04, 0x00, 0x00, 0x00, 0x01,
    0x00, 0x00, 0x00, 0x04, 0x00, 0x00, 0x00, 0x06, 0x00, 0x00, 0x00, 0x01, 0x00, 0x00, 0x00, 0x00,
    0x00, 0x00, 0x25, 0x76, 0x00, 0x00, 0x00, 0x01, 0x00, 0x00, 0x00, 0x03, 0x00, 0x00, 0x00, 0x04,
    0x00, 0x00, 0x00, 0x03, 0x00, 0x00, 0x00, 0x01, 0x00, 0x00, 0x00, 0x00, 0x00, 0x00, 0x25, 0x77,
    0x00, 0x00, 0x00, 0x05, 0x00, 0x00, 0x00, 0x01, 0x00, 0x00, 0x00, 0x04, 0x00, 0x00, 0x00, 0x03,
    0x00, 0x00, 0x00, 0x01, 0x00, 0x00, 0x00, 0x00, 0x00, 0x00, 0x25, 0x78, 0x00, 0x00, 0x00, 0x02,
    0x00, 0x00, 0x00, 0x04, 0x00, 0x00, 0x00, 0x04, 0x00, 0x00, 0x00, 0x03, 0x00, 0x00, 0x00, 0x00,
    0x00, 0x00, 0x00, 0x00, 0x00, 0x00, 0x25, 0x79, 0x00, 0x00, 0x00, 0x04, 0x00, 0x00, 0x00, 0x02,
    0x00, 0x00, 0x00, 0x04, 0x00, 0x00, 0x00, 0x06, 0x00, 0x00, 0x00, 0x01, 0x00, 0x00, 0x00, 0x00,
    0x00, 0x00, 0x25, 0x7A, 0x00, 0x00, 0x00, 0x02, 0x00, 0x00, 0x00, 0x03, 0x00, 0x00, 0x00, 0x04,
    0x00, 0x00, 0x00, 0x03, 0x00, 0x00, 0x00, 0x01, 0x00, 0x00, 0x00, 0x00, 0x00, 0x00, 0x25, 0x7B,
    0x00, 0x00, 0x00, 0x05, 0x00, 0x00, 0x00, 0x02, 0x00, 0x00, 0x00, 0x04, 0x00, 0x00, 0x00, 0x03,
    0x00, 0x00, 0x00, 0x01, 0x00, 0x00, 0x00, 0x00, 0x00, 0x00, 0x25, 0x7C, 0x00, 0x00, 0x00, 0x02,
    0x00, 0x00, 0x00, 0x04, 0x00, 0x00, 0x00, 0x04, 0x00, 0x00, 0x00, 0x03, 0x00, 0x00, 0x00, 0x00,
    0x00, 0x00, 0x00, 0x00, 0x00, 0x00, 0x25, 0x7D, 0x00, 0x00, 0x00, 0x08, 0x00, 0x00, 0x00, 0x02,
    0x00, 0x00, 0x00, 0x04, 0x00, 0x00, 0x00, 0x06, 0x00, 0x00, 0x00, 0x01, 0x00, 0x00, 0x00, 0x00,
    0x00, 0x00, 0x25, 0x7E, 0x00, 0x00, 0x00, 0x02, 0x00, 0x00, 0x00, 0x04, 0x00, 0x00, 0x00, 0x04,
    0x00, 0x00, 0x00, 0x03, 0x00, 0x00, 0x00, 0x00, 0x00, 0x00, 0x00, 0x00, 0x00, 0x00, 0x25, 0x7F,
    0x00, 0x00, 0x00, 0x08, 0x00, 0x00, 0x00, 0x02, 0x00, 0x00, 0x00, 0x04, 0x00, 0x00, 0x00, 0x06,
    0x00, 0x00, 0x00, 0x01, 0x00, 0x00, 0x00, 0x00, 0x00, 0x00, 0x25, 0xA0, 0x00, 0x00, 0x00, 0x05,
    0x00, 0x00, 0x00, 0x04, 0x00, 0x00, 0x00, 0x04, 0x00, 0x00, 0x00, 0x04, 0x00, 0x00, 0x00, 0x00,
    0x00, 0x00, 0x00, 0x00, 0x00, 0x00, 0x25, 0xA1, 0x00, 0x00, 0x00, 0x05, 0x00, 0x00, 0x00, 0x04,
    0x00, 0x00, 0x00, 0x04, 0x00, 0x00, 0x00, 0x04, 0x00, 0x00, 0x00, 0x00, 0x00, 0x00, 0x00, 0x00,
    0x00, 0x00, 0x25, 0xB2, 0x00, 0x00, 0x00, 0x05, 0x00, 0x00, 0x00, 0x04, 0x00, 0x00, 0x00, 0x04,
    0x00, 0x00, 0x00, 0x04, 0x00, 0x00, 0x00, 0x00, 0x00, 0x00, 0x00, 0x00, 0x00, 0x00, 0x25, 0xB6,
    0x00, 0x00, 0x00, 0x05, 0x00, 0x00, 0x00, 0x04, 0x00, 0x00, 0x00, 0x04, 0x00, 0x00, 0x00, 0x04,
    0x00, 0x00, 0x00, 0x00, 0x00, 0x00, 0x00, 0x00, 0x00, 0x00, 0x25, 0xBC, 0x00, 0x00, 0x00, 0x05,
    0x00, 0x00, 0x00, 0x04, 0x00, 0x00, 0x00, 0x04, 0x00, 0x00, 0x00, 0x04, 0x00, 0x00, 0x00, 0x00,
    0x00, 0x00, 0x00, 0x00, 0x00, 0x00, 0x25, 0xC0, 0x00, 0x00, 0x00, 0x05, 0x00, 0x00, 0x00, 0x04,
    0x00, 0x00, 0x00, 0x04, 0x00, 0x00, 0x00, 0x04, 0x00, 0x00, 0x00, 0x00, 0x00, 0x00, 0x00, 0x00,
    0x00, 0x00, 0x25, 0xC6, 0x00, 0x00, 0x00, 0x05, 0x00, 0x00, 0x00, 0x04, 0x00, 0x00, 0x00, 0x04,
    0x00, 0x00, 0x00, 0x04, 0x00, 0x00, 0x00, 0x00, 0x00, 0x00, 0x00, 0x00, 0x00, 0x00, 0x25, 0xC7,
    0x00, 0x00, 0x00, 0x05, 0x00, 0x00, 0x00, 0x04, 0x00, 0x00, 0x00, 0x04, 0x00, 0x00, 0x00, 0x04,
    0x00, 0x00, 0x00, 0x00, 0x00, 0x00, 0x00, 0x00, 0x00, 0x00, 0x25, 0xCB, 0x00, 0x00, 0x00, 0x05,
    0x00, 0x00, 0x00, 0x04, 0x00, 0x00, 0x00, 0x04, 0x00, 0x00, 0x00, 0x04, 0x00, 0x00, 0x00, 0x00,
    0x00, 0x00, 0x00, 0x00, 0x00, 0x00, 0x25, 0xCF, 0x00, 0x00, 0x00, 0x05, 0x00, 0x00, 0x00, 0x04,
    0x00, 0x00, 0x00, 0x04, 0x00, 0x00, 0x00, 0x04, 0x00, 0x00, 0x00, 0x00, 0x00, 0x00, 0x00, 0x00,
    0x00, 0x00, 0x26, 0x10, 0x00, 0x00, 0x00, 0x05, 0x00, 0x00, 0x00, 0x05, 0x00, 0x00, 0x00, 0x05,
    0x00, 0x00, 0x00, 0x05, 0x00, 0x00, 0x00, 0x00, 0x00, 0x00, 0x00, 0x00, 0x00, 0x00, 0x26, 0x11,
    0x00, 0x00, 0x00, 0x05, 0x00, 0x00, 0x00, 0x05, 0x00, 0x00, 0x00, 0x05, 0x00, 0x00, 0x00, 0x04,
    0x00, 0x00, 0x00, 0x00, 0x00, 0x00, 0x00, 0x00, 0x00, 0x00, 0x26, 0x99, 0x00, 0x00, 0x00, 0x05,
    0x00, 0x00, 0x00, 0x05, 0x00, 0x00, 0x00, 0x05, 0x00, 0x00, 0x00, 0x05, 0x00, 0x00, 0x00, 0x00,
    0x00, 0x00, 0x00, 0x00, 0x00, 0x00, 0x2B, 0x07, 0x00, 0x00, 0x00, 0x04, 0x00, 0x00, 0x00, 0x03,
    0x00, 0x00, 0x00, 0x04, 0x00, 0x00, 0x00, 0x04, 0x00, 0x00, 0x00, 0x00, 0x00, 0x00, 0x00, 0x00,
    0x00, 0x00, 0xE0, 0x42, 0x00, 0x00, 0x00, 0x05, 0x00, 0x00, 0x00, 0x04, 0x00, 0x00, 0x00, 0x04,
    0x00, 0x00, 0x00, 0x06, 0x00, 0x00, 0x00, 0x00, 0x00, 0x00, 0x00, 0x00, 0x00, 0x00, 0xE0, 0x48,
    0x00, 0x00, 0x00, 0x05, 0x00, 0x00, 0x00, 0x04, 0x00, 0x00, 0x00, 0x04, 0x00, 0x00, 0x00, 0x06,
    0x00, 0x00, 0x00, 0x00, 0x00, 0x00, 0x00, 0x00, 0x00, 0x00, 0xE0, 0x49, 0x00, 0x00, 0x00, 0x05,
    0x00, 0x00, 0x00, 0x04, 0x00, 0x00, 0x00, 0x04, 0x00, 0x00, 0x00, 0x06, 0x00, 0x00, 0x00, 0x00,
    0x00, 0x00, 0x00, 0x00, 0x00, 0x00, 0xE0, 0x4A, 0x00, 0x00, 0x00, 0x05, 0x00, 0x00, 0x00, 0x04,
    0x00, 0x00, 0x00, 0x04, 0x00, 0x00, 0x00, 0x06, 0x00, 0x00, 0x00, 0x00, 0x00, 0x00, 0x00, 0x00,
    0x00, 0x00, 0xE0, 0x5F, 0x00, 0x00, 0x00, 0x06, 0x00, 0x00, 0x00, 0x04, 0x00, 0x00, 0x00, 0x04,
    0x00, 0x00, 0x00, 0x06, 0x00, 0x00, 0x00, 0x00, 0x00, 0x00, 0x00, 0x00, 0x00, 0x00, 0xE0, 0x6C,
    0x00, 0x00, 0x00, 0x04, 0x00, 0x00, 0x00, 0x04, 0x00, 0x00, 0x00, 0x04, 0x00, 0x00, 0x00, 0x05,
    0x00, 0x00, 0x00, 0x00, 0x00, 0x00, 0x00, 0x00, 0x00, 0x00, 0xE0, 0x6D, 0x00, 0x00, 0x00, 0x02,
    0x00, 0x00, 0x00, 0x04, 0x00, 0x00, 0x00, 0x04, 0x00, 0x00, 0x00, 0x04, 0x00, 0x00, 0x00, 0x00,
    0x00, 0x00, 0x00, 0x00, 0x00, 0x00, 0xE0, 0x6E, 0x00, 0x00, 0x00, 0x04, 0x00, 0x00, 0x00, 0x02,
    0x00, 0x00, 0x00, 0x04, 0x00, 0x00, 0x00, 0x05, 0x00, 0x00, 0x00, 0x01, 0x00, 0x00, 0x00, 0x00,
    0x00, 0x00, 0xE0, 0x6F, 0x00, 0x00, 0x00, 0x04, 0x00, 0x00, 0x00, 0x02, 0x00, 0x00, 0x00, 0x04,
    0x00, 0x00, 0x00, 0x05, 0x00, 0x00, 0x00, 0x01, 0x00, 0x00, 0x00, 0x00, 0x00, 0x00, 0xE0, 0x70,
    0x00, 0x00, 0x00, 0x02, 0x00, 0x00, 0x00, 0x04, 0x00, 0x00, 0x00, 0x04, 0x00, 0x00, 0x00, 0x04,
    0x00, 0x00, 0x00, 0x00, 0x00, 0x00, 0x00, 0x00, 0x00, 0x00, 0xE0, 0x7C, 0x00, 0x00, 0x00, 0x06,
    0x00, 0x00, 0x00, 0x04, 0x00, 0x00, 0x00, 0x04, 0x00, 0x00, 0x00, 0x06, 0x00, 0x00, 0x00, 0x00,
    0x00, 0x00, 0x00, 0x00, 0x00, 0x00, 0xE0, 0x84, 0x00, 0x00, 0x00, 0x06, 0x00, 0x00, 0x00, 0x04,
    0x00, 0x00, 0x00, 0x04, 0x00, 0x00, 0x00, 0x06, 0x00, 0x00, 0x00, 0x00, 0x00, 0x00, 0x00, 0x00,
    0x00, 0x00, 0xE0, 0x9E, 0x00, 0x00, 0x00, 0x06, 0x00, 0x00, 0x00, 0x04, 0x00, 0x00, 0x00, 0x04,
    0x00, 0x00, 0x00, 0x06, 0x00, 0x00, 0x00, 0x00, 0x00, 0x00, 0x00, 0x00, 0x00, 0x00, 0xE0, 0xB2,
    0x00, 0x00, 0x00, 0x08, 0x00, 0x00, 0x00, 0x04, 0x00, 0x00, 0x00, 0x04, 0x00, 0x00, 0x00, 0x06,
    0x00, 0x00, 0x00, 0x00, 0x00, 0x00, 0x00, 0x00, 0x00, 0x00, 0xE0, 0xB9, 0x00, 0x00, 0x00, 0x08,
    0x00, 0x00, 0x00, 0x04, 0x00, 0x00, 0x00, 0x04, 0x00, 0x00, 0x00, 0x06, 0x00, 0x00, 0x00, 0x00,
    0x00, 0x00, 0x00, 0x00, 0x00, 0x00, 0xE0, 0xC6, 0x00, 0x00, 0x00, 0x08, 0x00, 0x00, 0x00, 0x04,
    0x00, 0x00, 0x00, 0x04, 0x00, 0x00, 0x00, 0x06, 0x00, 0x00, 0x00, 0x00, 0x00, 0x00, 0x00, 0x00,
    0x00, 0x00, 0xE0, 0xC9, 0x00, 0x00, 0x00, 0x06, 0x00, 0x00, 0x00, 0x04, 0x00, 0x00, 0x00, 0x04,
    0x00, 0x00, 0x00, 0x06, 0x00, 0x00, 0x00, 0x00, 0x00, 0x00, 0x00, 0x00, 0x00, 0x00, 0xE0, 0xD7,
    0x00, 0x00, 0x00, 0x08, 0x00, 0x00, 0x00, 0x04, 0x00, 0x00, 0x00, 0x04, 0x00, 0x00, 0x00, 0x06,
    0x00, 0x00, 0x00, 0x00, 0x00, 0x00, 0x00, 0x00, 0x00, 0x00, 0xE0, 0xD9, 0x00, 0x00, 0x00, 0x05,
    0x00, 0x00, 0x00, 0x04, 0x00, 0x00, 0x00, 0x04, 0x00, 0x00, 0x00, 0x06, 0x00, 0x00, 0x00, 0x00,
    0x00, 0x00, 0x00, 0x00, 0x00, 0x00, 0xE0, 0xF5, 0x00, 0x00, 0x00, 0x06, 0x00, 0x00, 0x00, 0x04,
    0x00, 0x00, 0x00, 0x04, 0x00, 0x00, 0x00, 0x06, 0x00, 0x00, 0x00, 0x00, 0x00, 0x00, 0x00, 0x00,
    0x00, 0x00, 0xE1, 0x15, 0x00, 0x00, 0x00, 0x05, 0x00, 0x00, 0x00, 0x04, 0x00, 0x00, 0x00, 0x04,
    0x00, 0x00, 0x00, 0x06, 0x00, 0x00, 0x00, 0x00, 0x00, 0x00, 0x00, 0x00, 0x00, 0x00, 0xE1, 0x2F,
    0x00, 0x00, 0x00, 0x07, 0x00, 0x00, 0x00, 0x04, 0x00, 0x00, 0x00, 0x04, 0x00, 0x00, 0x00, 0x07,
    0x00, 0x00, 0x00, 0x00, 0x00, 0x00, 0x00, 0x00, 0x00, 0x00, 0xE1, 0x4D, 0x00, 0x00, 0x00, 0x06,
    0x00, 0x00, 0x00, 0x04, 0x00, 0x00, 0x00, 0x04, 0x00, 0x00, 0x00, 0x06, 0x00, 0x00, 0x00, 0x00,
    0x00, 0x00, 0x00, 0x00, 0x00, 0x00, 0xE1, 0x51, 0x00, 0x00, 0x00, 0x06, 0x00, 0x00, 0x00, 0x04,
    0x00, 0x00, 0x00, 0x04, 0x00, 0x00, 0x00, 0x06, 0x00, 0x00, 0x00, 0x00, 0x00, 0x00, 0x00, 0x00,
    0x00, 0x00, 0xE1, 0x54, 0x00, 0x00, 0x00, 0x07, 0x00, 0x00, 0x00, 0x04, 0x00, 0x00, 0x00, 0x04,
    0x00, 0x00, 0x00, 0x07, 0x00, 0x00, 0x00, 0x00, 0x00, 0x00, 0x00, 0x00, 0x00, 0x00, 0xE1, 0x8D,
    0x00, 0x00, 0x00, 0x06, 0x00, 0x00, 0x00, 0x04, 0x00, 0x00, 0x00, 0x04, 0x00, 0x00, 0x00, 0x06,
    0x00, 0x00, 0x00, 0x00, 0x00, 0x00, 0x00, 0x00, 0x00, 0x00, 0xE1, 0x8E, 0x00, 0x00, 0x00, 0x06,
    0x00, 0x00, 0x00, 0x04, 0x00, 0x00, 0x00, 0x04, 0x00, 0x00, 0x00, 0x06, 0x00, 0x00, 0x00, 0x00,
    0x00, 0x00, 0x00, 0x00, 0x00, 0x00, 0xE1, 0x9E, 0x00, 0x00, 0x00, 0x06, 0x00, 0x00, 0x00, 0x04,
    0x00, 0x00, 0x00, 0x04, 0x00, 0x00, 0x00, 0x06, 0x00, 0x00, 0x00, 0x00, 0x00, 0x00, 0x00, 0x00,
    0x00, 0x00, 0xE1, 0xB2, 0x00, 0x00, 0x00, 0x04, 0x00, 0x00, 0x00, 0x04, 0x00, 0x00, 0x00, 0x04,
    0x00, 0x00, 0x00, 0x05, 0x00, 0x00, 0x00, 0x00, 0x00, 0x00, 0x00, 0x00, 0x00, 0x00, 0xE1, 0xE1,
    0x00, 0x00, 0x00, 0x06, 0x00, 0x00, 0x00, 0x04, 0x00, 0x00, 0x00, 0x04, 0x00, 0x00, 0x00, 0x06,
    0x00, 0x00, 0x00, 0x00, 0x00, 0x00, 0x00, 0x00, 0x00, 0x00, 0xE1, 0xE2, 0x00, 0x00, 0x00, 0x07,
    0x00, 0x00, 0x00, 0x04, 0x00, 0x00, 0x00, 0x04, 0x00, 0x00, 0x00, 0x07, 0x00, 0x00, 0x00, 0x00,
    0x00, 0x00, 0x00, 0x00, 0x00, 0x00, 0xE1, 0xE3, 0x00, 0x00, 0x00, 0x07, 0x00, 0x00, 0x00, 0x04,
    0x00, 0x00, 0x00, 0x04, 0x00, 0x00, 0x00, 0x07, 0x00, 0x00, 0x00, 0x00, 0x00, 0x00, 0x00, 0x00,
    0x00, 0x00, 0xE1, 0xE4, 0x00, 0x00, 0x00, 0x06, 0x00, 0x00, 0x00, 0x04, 0x00, 0x00, 0x00, 0x04,
    0x00, 0x00, 0x00, 0x07, 0x00, 0x00, 0x00, 0x00, 0x00, 0x00, 0x00, 0x00, 0x00, 0x00, 0xE4, 0x55,
    0x00, 0x00, 0x00, 0x06, 0x00, 0x00, 0x00, 0x04, 0x00, 0x00, 0x00, 0x04, 0x00, 0x00, 0x00, 0x06,
    0x00, 0x00, 0x00, 0x00, 0x00, 0x00, 0x00, 0x00, 0xBE, 0x48, 0xAC, 0x34, 0x67, 0x06, 0xB4, 0x37,
    0x06, 0xA0, 0xA5, 0x01, 0x57, 0x58, 0x00, 0xB4, 0x97, 0x1C, 0x66, 0xDA, 0xDA, 0x5B, 0xA1, 0xC3,
    0xD2, 0x28, 0x9F, 0x70, 0x57, 0x00, 0x07, 0xAD, 0x9C, 0x00, 0x8E, 0xAD, 0x30, 0x00, 0x0C, 0xB0,
    0xB7, 0x1F, 0x46, 0xB6, 0xBB, 0x2B, 0x00, 0x72, 0x2A, 0x00, 0x82, 0x8B, 0x00, 0x00, 0x85, 0xA0,
    0x5D, 0x2D, 0x5B, 0x75, 0x94, 0x40, 0x00, 0x52, 0x9C, 0x7B, 0x42, 0xA5, 0x5B, 0x00, 0x4C, 0xAC,
    0x00, 0x00, 0xA7, 0x6A, 0x94, 0x9F, 0xA2, 0xA5, 0xD5, 0x6A, 0xAE, 0x18, 0x4E, 0x0A, 0x00, 0xAC,
    0x0F, 0x01, 0xAB, 0x00, 0x1F, 0xB5, 0x00, 0x01, 0xAF, 0x00, 0x00, 0xAC, 0x13, 0x7B, 0x37, 0x06,
    0xA8, 0x00, 0xB2, 0x07, 0xA2, 0x87, 0x39, 0x1C, 0x8E, 0x12, 0x0A, 0x2B, 0xE9, 0xBE, 0x07, 0x19,
    0x40, 0x5A, 0x00, 0x00, 0x7F, 0x0D, 0x00, 0x7B, 0xDA, 0xB1, 0x3C, 0x00, 0xA8, 0x12, 0x00, 0xA0,
    0x45, 0x81, 0x39, 0x07, 0x00, 0x3F, 0xA2, 0xA2, 0x01, 0xB2, 0x31, 0x00, 0x00, 0xA8, 0x09, 0x00,
    0x40, 0x91, 0x00, 0x00, 0xAB, 0x06, 0x00, 0x49, 0x8A, 0x00, 0x00, 0x66, 0x04, 0x00, 0x00, 0x4E,
    0xA8, 0xB2, 0x01, 0xB0, 0xA5, 0xB2, 0x3D, 0xB0, 0x8A, 0xAF, 0x3D, 0x4E, 0xA8, 0xB2, 0x01, 0x0D,
    0xDD, 0x72, 0x00, 0x19, 0x8B, 0x72, 0x00, 0x00, 0x6C, 0x72, 0x00, 0x21, 0xBE, 0xC0, 0x21, 0x63,
    0xB2, 0xC1, 0x01, 0x00, 0x00, 0xBC, 0x06, 0x00, 0x9C, 0x5D, 0x00, 0x93, 0xCD, 0xA8, 0x12, 0x46,
    0xAB, 0xC6, 0x0A, 0x00, 0x94, 0xCF, 0x00, 0x00, 0x00, 0xB7, 0x37, 0x70, 0xB4, 0xC1, 0x0C, 0x00,
    0x6F, 0xD8, 0x00, 0x40, 0x7B, 0xBE, 0x00, 0xA8, 0x9C, 0xF2, 0x33, 0x00, 0x00, 0xBE, 0x00, 0x96,
    0xA5, 0x8A, 0x00, 0x7E, 0xBA, 0x9F, 0x00, 0x00, 0x00, 0xAF, 0x1C, 0x72, 0xB8, 0xB9, 0x03, 0x3D,
    0xA8, 0x9D, 0x00, 0xA7, 0x9A, 0xA6, 0x01, 0xB4, 0x1F, 0xA8, 0x42, 0x4F, 0xA1, 0xC1, 0x10, 0x63,
    0xA8, 0xF0, 0x18, 0x00, 0x0C, 0xAD, 0x00, 0x00, 0x91, 0x51, 0x00, 0x00, 0xC0, 0x00, 0x00, 0x7E,
    0xA2, 0xC8, 0x0F, 0x4E, 0xC3, 0xC5, 0x00, 0xAA, 0x19, 0xA2, 0x3A, 0x73, 0xAB, 0xC3, 0x12, 0x79,
    0xBD, 0xAC, 0x00, 0xB7, 0x0D, 0xA6, 0x39, 0x3C, 0xB4, 0xCF, 0x31, 0x36, 0xAF, 0xA5, 0x00, 0xAC,
    0x3A, 0x00, 0x00, 0xA8, 0x39, 0xBE, 0x37, 0x00, 0x00, 0xAC, 0x54, 0x7F, 0x42, 0x0D, 0x00, 0x0C,
    0x79, 0xAE, 0x3F, 0xB1, 0xA3, 0x31, 0x00, 0x00, 0x0A, 0x79, 0x3F, 0x7B, 0xA8, 0xA8, 0x3C, 0x7F,
    0xAE, 0xAE, 0x3D, 0x82, 0xA9, 0x49, 0x00, 0x03, 0x63, 0xCE, 0x4B, 0x7C, 0x49, 0x00, 0x00, 0x30,
    0xA8, 0xCB, 0x03, 0x00, 0x27, 0xAA, 0x00, 0x00, 0x85, 0x09, 0x00, 0x00, 0xA5, 0x15, 0x00, 0x1F,
    0x96, 0xA3, 0x19, 0xAF, 0x6D, 0xB1, 0x9D, 0xA6, 0xBD, 0x0D, 0xAB, 0xB4, 0x66, 0x8D, 0x6D, 0x19,
    0x94, 0x91, 0x01, 0x00, 0xC4, 0x7F, 0x00, 0x1B, 0xA5, 0xA1, 0x00, 0x94, 0xB7, 0xD5, 0x0F, 0xB4,
    0x00, 0x5A, 0x7F, 0xA5, 0xB8, 0xC6, 0x1C, 0xA5, 0xBD, 0xDC, 0x0D, 0xA5, 0x1E, 0x87, 0x5E, 0xA5,
    0xB8, 0xBE, 0x28, 0x2A, 0xA5, 0xAE, 0x1B, 0xA0, 0x25, 0x00, 0x00, 0xA6, 0x25, 0x00, 0x00, 0x31,
    0xB0, 0xB1, 0x1B, 0xBE, 0xA6, 0xA6, 0x00, 0xBE, 0x00, 0xAB, 0x3F, 0xBE, 0x00, 0xAC, 0x3F, 0xBE,
    0xA8, 0xA6, 0x00, 0xA2, 0xAA, 0xA8, 0x1C, 0xA2, 0xAA, 0xA8, 0x0C, 0xA2, 0x42, 0x00, 0x00, 0xA2,
    0xAA, 0xA8, 0x27, 0x78, 0xBE, 0xA8, 0x2B, 0x78, 0xBE, 0xA8, 0x0C, 0x78, 0x6C, 0x00, 0x00, 0x78,
    0x6C, 0x00, 0x00, 0x48, 0xA8, 0xB5, 0x12, 0xBF, 0x07, 0x00, 0x00, 0xBE, 0x06, 0xA5, 0x40, 0x4B,
    0xA8, 0xAF, 0x3A, 0xBE, 0x00, 0x96, 0x54, 0xBE, 0xA8, 0xD2, 0x54, 0xBE, 0x00, 0x96, 0x54, 0xBE,
    0x00, 0x96, 0x54, 0x43, 0xE6, 0xBB, 0x01, 0x00, 0xA0, 0x24, 0x00, 0x00, 0xA0, 0x24, 0x00, 0x43,
    0xE6, 0xBB, 0x01, 0x00, 0x97, 0xD9, 0x00, 0x00, 0xBE, 0x00, 0x00, 0xBB, 0x8A, 0xAB, 0xAF, 0xBE,
    0x06, 0xAC, 0x36, 0xBE, 0xD0, 0x33, 0x00, 0xBE, 0x76, 0xB1, 0x00, 0xBE, 0x00, 0xB2, 0x5A, 0x90,
    0x54, 0x00, 0x00, 0x90, 0x54, 0x00, 0x00, 0x90, 0x54, 0x00, 0x00, 0x90, 0xB2, 0xA8, 0x39, 0xDE,
    0x57, 0xB7, 0x8A, 0xAF, 0xB4, 0xB5, 0x8A, 0xAF, 0x75, 0x66, 0x8A, 0xAF, 0x00, 0x48, 0x8A, 0xBB,
    0x8B, 0x8A, 0x4E, 0xB9, 0xBB, 0x8A, 0x4E, 0xB9, 0x52, 0xCB, 0x4E, 0xB9, 0x00, 0xF0, 0x4E, 0x5B,
    0xA8, 0xB7, 0x06, 0xBE, 0x06, 0x94, 0x51, 0xBE, 0x06, 0x94, 0x4F, 0x5B, 0xA7, 0xB6, 0x06, 0xA0,
    0xBD, 0xCB, 0x18, 0xA0, 0x24, 0xA8, 0x54, 0xA0, 0xBB, 0xB7, 0x04, 0xA0, 0x24, 0x00, 0x00, 0x5B,
    0xA8, 0xB7, 0x06, 0xBE, 0x06, 0x94, 0x51, 0xBF, 0x06, 0x94, 0x52, 0x58, 0xA7, 0xC8, 0x09, 0x00,
    0x00, 0xAA, 0x36, 0xB9, 0xAB, 0xC0, 0x03, 0xB9, 0x06, 0xB9, 0x1E, 0xB9, 0xAC, 0xBF, 0x00, 0xB9,
    0x06, 0x8A, 0x66, 0x76, 0xA2, 0xAE, 0x00, 0xA6, 0x9C, 0x2A, 0x00, 0x00, 0x37, 0xBF, 0x2D, 0x69,
    0xAC, 0xC1, 0x16, 0x90, 0xE2, 0xBE, 0x4E, 0x00, 0xBA, 0x2A, 0x00, 0x00, 0xBA, 0x2A, 0x00, 0x00,
    0xBA, 0x2A, 0x00, 0xB4, 0x0C, 0x9C, 0x42, 0xB4, 0x0C, 0x9C, 0x42, 0xB1, 0x0C, 0x9D, 0x3D, 0x76,
    0xA1, 0xBC, 0x0D, 0xBB, 0x03, 0x79, 0x6F, 0x87, 0x52, 0xAF, 0x09, 0x15, 0xB8, 0xAA, 0x00, 0x00,
    0xC6, 0x7E, 0x00, 0xB2, 0x00, 0x0D, 0xA6, 0xAA, 0xB4, 0x93, 0x8A, 0xBE, 0xA5, 0xDA, 0x4B, 0xA2,
    0x7F, 0xDE, 0x0F, 0x9C, 0x51, 0xB1, 0x3A, 0x01, 0xC0, 0x9A, 0x00, 0x12, 0xBE, 0xBE, 0x00, 0xAA,
    0x24, 0x93, 0x5B, 0xA5, 0x24, 0x9F, 0x49, 0x13, 0xBE, 0xB7, 0x00, 0x00, 0xA3, 0x28, 0x00, 0x00,
    0xA0, 0x24, 0x00, 0x66, 0xA8, 0xF5, 0x2D, 0x00, 0x51, 0x99, 0x00, 0x0F, 0xAF, 0x00, 0x00, 0xAC,
    0xA5, 0xA8, 0x31, 0x0C, 0xA7, 0x70, 0x12, 0xBA, 0x00, 0x12, 0xBA, 0x00, 0x12, 0xBA, 0x00, 0x12,
    0xBA, 0x00, 0x0C, 0xA7, 0x70, 0x8B, 0x49, 0x00, 0x00, 0x04, 0xAD, 0x00, 0x00, 0x00, 0x82, 0x51,
    0x00, 0x00, 0x01, 0xAC, 0x00, 0x00, 0x00, 0x54, 0x13, 0x16, 0x90, 0xA2, 0x00, 0x00, 0xAF, 0x00,
    0x00, 0xAF, 0x00, 0x00, 0xAF, 0x00, 0x00, 0xAF, 0x16, 0x90, 0xA2, 0x00, 0x7F, 0x36, 0x00, 0x75,
    0x6A, 0xB8, 0x22, 0x55, 0x78, 0x78, 0x27, 0x06, 0xB2, 0x0A, 0x45, 0xA3, 0xBA, 0x07, 0x4B, 0x99,
    0xD2, 0x27, 0x9C, 0xA0, 0xC6, 0x40, 0xA8, 0x2A, 0x00, 0x00, 0xA8, 0xBE, 0xB7, 0x12, 0xA8, 0x30,
    0x81, 0x57, 0xA8, 0xB8, 0xB6, 0x12, 0x3D, 0xA3, 0xA3, 0x01, 0xB1, 0x22, 0x00, 0x00, 0x3F, 0xA7,
    0x99, 0x01, 0x00, 0x00, 0xBA, 0x12, 0x73, 0xB5, 0xE9, 0x12, 0xB1, 0x00, 0xA3, 0x12, 0x75, 0xB4,
    0xE6, 0x12, 0x5B, 0xB8, 0xAB, 0x13, 0xB6, 0x90, 0xB4, 0x3F, 0x61, 0xB7, 0xA3, 0x18, 0x00, 0xA6,
    0xA0, 0x04, 0x49, 0xE4, 0x90, 0x04, 0x00, 0xAF, 0x00, 0x00, 0x00, 0xAF, 0x00, 0x00, 0x5B, 0xA3,
    0xD3, 0x36, 0xAA, 0x1C, 0xAC, 0x36, 0x5B, 0xA1, 0xD8, 0x31, 0x1E, 0x99, 0xAB, 0x06, 0xA2, 0x2A,
    0x00, 0x00, 0xA2, 0xB4, 0xCA, 0x03, 0xA2, 0x2D, 0xB5, 0x1C, 0xA2, 0x2A, 0xB4, 0x1E, 0x00, 0x7F,
    0x07, 0x00, 0x00, 0x00, 0x00, 0x00, 0x1F, 0xDE, 0x12, 0x00, 0x00, 0xBE, 0x12, 0x00, 0x00, 0x75,
    0xBB, 0x1F, 0x00, 0x25, 0x5E, 0x00, 0x00, 0x00, 0x01, 0xA6, 0xAE, 0x00, 0x24, 0xAE, 0x00, 0x24,
    0xAC, 0x2D, 0xA5, 0x67, 0x84, 0x54, 0x00, 0x00, 0x84, 0x7C, 0xA0, 0x0D, 0x84, 0xDE, 0x78, 0x00,
    0x84, 0x54, 0xA1, 0x3A, 0x45, 0xDF, 0x00, 0x00, 0x00, 0xAF, 0x00, 0x00, 0x00, 0xAF, 0x00, 0x00,
    0x00, 0x9D, 0xA8, 0x0D, 0xB4, 0xC1, 0xA7, 0x4E, 0xA0, 0xA2, 0x5A, 0x7C, 0xA0, 0xA2, 0x5A, 0x7E,
    0xA2, 0xAF, 0xC6, 0x04, 0xA2, 0x2E, 0xB4, 0x1C, 0xA2, 0x2A, 0xB4, 0x1E, 0x64, 0xA0, 0xB7, 0x0C,
    0xB1, 0x0F, 0xA3, 0x45, 0x64, 0xA0, 0xB7, 0x0C, 0xA8, 0xB2, 0xA8, 0x10, 0xA8, 0x3A, 0x81, 0x52,
    0xA8, 0xA1, 0xB5, 0x10, 0xA8, 0x24, 0x00, 0x00, 0x67, 0xBE, 0xE1, 0x24, 0xB2, 0x0C, 0xA5, 0x24,
    0x67, 0xA1, 0xE4, 0x24, 0x00, 0x00, 0xAE, 0x24, 0x2A, 0xCD, 0x94, 0x25, 0x2A, 0xA8, 0x00, 0x00,
    0x2A, 0xA2, 0x00, 0x00, 0x4F, 0xAA, 0x8D, 0x00, 0x21, 0xAC, 0xA9, 0x00, 0x40, 0x9A, 0xBC, 0x00,
    0x00, 0xAF, 0x00, 0x00, 0x57, 0xE2, 0x90, 0x04, 0x00, 0xAA, 0x00, 0x00, 0x00, 0xBE, 0x9C, 0x04,
    0xA2, 0x2A, 0xB4, 0x1E, 0xA0, 0x2B, 0xBA, 0x1E, 0x5A, 0xB2, 0xDD, 0x1E, 0xBA, 0x1B, 0xA0, 0x30,
    0x31, 0xA0, 0xAB, 0x00, 0x00, 0xCB, 0x84, 0x00, 0xA6, 0x15, 0x15, 0xB2, 0xA2, 0xB8, 0xBE, 0x55,
    0x8B, 0x96, 0xE9, 0x06, 0x64, 0x81, 0xAB, 0x12, 0x00, 0xD2, 0x73, 0x00, 0x85, 0x63, 0xA3, 0x22,
    0xAC, 0x28, 0x99, 0x3D, 0x19, 0xB4, 0xB0, 0x00, 0x00, 0xB2, 0x6C, 0x00, 0x45, 0xB1, 0x01, 0x00,
    0x30, 0x96, 0xF2, 0x07, 0x00, 0xA3, 0x46, 0x00, 0x67, 0xCD, 0x96, 0x06, 0x00, 0x4F, 0x84, 0x00,
    0xAB, 0x00, 0x00, 0xB0, 0x00, 0x63, 0xC9, 0x00, 0x00, 0xB1, 0x00, 0x00, 0x63, 0x82, 0xAE, 0x18,
    0xAE, 0x18, 0xAE, 0x18, 0xAE, 0x18, 0xAE, 0x18, 0x57, 0x0C, 0x21, 0xAB, 0x06, 0x00, 0x00, 0x93,
    0x3A, 0x00, 0x00, 0x8A, 0x4C, 0x00, 0x00, 0x3C, 0xD5, 0x25, 0x00, 0x90, 0x45, 0x00, 0x21, 0xB5,
    0x0F, 0x00, 0x69, 0x9A, 0x25, 0x5A, 0x72, 0x2E, 0xA1, 0x1E, 0x6C, 0x2A, 0x3F, 0x15, 0x5D, 0x0D,
    0xA1, 0x40, 0xB4, 0x54, 0x00, 0x00, 0x72, 0x00, 0x21, 0xCA, 0xD0, 0x15, 0x84, 0x66, 0x72, 0x00,
    0x1F, 0xB0, 0xB7, 0x12, 0x00, 0x00, 0x39, 0x00, 0x00, 0xBD, 0xA3, 0x25, 0x00, 0xBC, 0x00, 0x00,
    0x45, 0xEE, 0x6D, 0x00, 0x63, 0xF6, 0xA8, 0x2B, 0x34, 0xAC, 0xB5, 0x0F, 0x31, 0xA3, 0xB2, 0x0F,
    0xBD, 0x2D, 0xA3, 0x42, 0x51, 0xD5, 0xBA, 0x1E, 0x46, 0xCF, 0x88, 0x1E, 0x00, 0xA0, 0x24, 0x00,
    0xAB, 0x16, 0xAE, 0x18, 0x00, 0x00, 0xAB, 0x16, 0xAE, 0x18, 0x2A, 0xB2, 0x7E, 0x00, 0x37, 0xC5,
    0x66, 0x00, 0x60, 0xA5, 0xAB, 0x00, 0x00, 0x46, 0xC4, 0x00, 0x1E, 0x9A, 0x7F, 0x00, 0x0A, 0x69,
    0x73, 0x33, 0x64, 0x6A, 0x09, 0x94, 0x6D, 0x34, 0x76, 0x93, 0x72, 0x31, 0x76, 0x33, 0x67, 0x6D,
    0x09, 0x06, 0x96, 0x66, 0x00, 0x5E, 0xB5, 0x33, 0x82, 0xA1, 0x19, 0xF6, 0xD9, 0x12, 0x67, 0x7B,
    0xBE, 0x85, 0x8A, 0x04, 0x55, 0x5A, 0x7B, 0xA8, 0xB7, 0x63, 0x00, 0x00, 0x1E, 0x4C, 0x9F, 0x5E,
    0x33, 0x64, 0x6A, 0x09, 0x78, 0x87, 0x51, 0x76, 0x75, 0xA2, 0x93, 0x76, 0x33, 0x73, 0x7B, 0x09,
    0x0A, 0x96, 0x66, 0x09, 0x8E, 0x6A, 0x0A, 0x91, 0x67, 0x00, 0xA8, 0x12, 0x00, 0x7B, 0xDA, 0xB1,
    0x3C, 0x7B, 0xA3, 0xAB, 0x3C, 0x04, 0x87, 0x8B, 0x00, 0x3D, 0x72, 0x07, 0xCD, 0x4C, 0x00, 0x81,
    0x8D, 0x00, 0x54, 0x9A, 0x06, 0x81, 0x96, 0x51, 0x73, 0xA5, 0x06, 0xAA, 0x00, 0xA5, 0x06, 0xAD,
    0x00, 0xA0, 0xB4, 0xE2, 0x3A, 0xBA, 0x00, 0x00, 0x00, 0x9A, 0xFF, 0xC6, 0x06, 0xA7, 0xFF, 0xA8,
    0x06, 0x00, 0xA9, 0xA8, 0x06, 0x00, 0x90, 0xA8, 0x06, 0x00, 0x2E, 0x36, 0x01, 0xB1, 0x36, 0x16,
    0x1C, 0x72, 0x42, 0xC5, 0x1E, 0x84, 0x1E, 0xAB, 0x6A, 0x0C, 0x9C, 0x70, 0x5D, 0x5B, 0xB2, 0x0D,
    0x9F, 0x75, 0x19, 0x8A, 0x6D, 0x3F, 0x3C, 0x7B, 0x00, 0x03, 0xB9, 0xA3, 0x48, 0x3A, 0x1F, 0x5A,
    0x00, 0x75, 0x6C, 0x00, 0x00, 0x24, 0x7E, 0x00, 0x00, 0x5E, 0xB0, 0x63, 0x16, 0x4C, 0x39, 0xB8,
    0x00, 0x00, 0x78, 0xBA, 0x16, 0x00, 0x00, 0x15, 0x00, 0x51, 0x2D, 0x00, 0x00, 0x24, 0x7E, 0x00,
    0x00, 0x57, 0xAF, 0x6D, 0x1B, 0x69, 0x90, 0x94, 0x12, 0x00, 0x00, 0x9A, 0x12, 0x00, 0x57, 0x8B,
    0x16, 0x46, 0x7E, 0x00, 0x00, 0x18, 0xB0, 0x00, 0x00, 0x5A, 0xB0, 0x6A, 0x18, 0x4C, 0x34, 0xBB,
    0x00, 0x00, 0x78, 0xBA, 0x16, 0x00, 0x00, 0x15, 0x00, 0x00, 0x76, 0x43, 0x00, 0x00, 0x00, 0x00,
    0xA9, 0x31, 0x4E, 0xB1, 0x00, 0x60, 0xA8, 0xA2, 0x00, 0xB5, 0x09, 0x00, 0x00, 0x00, 0x00, 0x00,
    0x00, 0xC4, 0x7F, 0x00, 0x1B, 0xA5, 0xA1, 0x00, 0x94, 0xB7, 0xD5, 0x0F, 0xB4, 0x00, 0x5A, 0x7F,
    0x00, 0x60, 0x5B, 0x00, 0x00, 0x00, 0x00, 0x00, 0x00, 0xC4, 0x7F, 0x00, 0x1B, 0xA5, 0xA1, 0x00,
    0x94, 0xB7, 0xD5, 0x0F, 0xB4, 0x00, 0x5A, 0x7F, 0x01, 0xA2, 0x7C, 0x00, 0x00, 0x00, 0x00, 0x00,
    0x00, 0xC4, 0x7F, 0x00, 0x1B, 0xA5, 0xA1, 0x00, 0x94, 0xB7, 0xD5, 0x0F, 0xB4, 0x00, 0x5A, 0x7F,
    0x00, 0x3C, 0x27, 0x00, 0x25, 0xDE, 0xA3, 0x00, 0x00, 0x00, 0x00, 0x00, 0x00, 0xC4, 0x7F, 0x00,
    0x1B, 0xA5, 0xA1, 0x00, 0x94, 0xB7, 0xD5, 0x0F, 0xB4, 0x00, 0x5A, 0x7F, 0x0A, 0x69, 0x73, 0x00,
    0x00, 0x00, 0x00, 0x00, 0x00, 0xC4, 0x7F, 0x00, 0x1B, 0xA5, 0xA1, 0x00, 0x94, 0xB7, 0xD5, 0x0F,
    0xB4, 0x00, 0x5A, 0x7F, 0x00, 0x84, 0x57, 0x00, 0x00, 0xDE, 0xA0, 0x00, 0x0C, 0x96, 0xA2, 0x00,
    0x82, 0xB7, 0xCB, 0x09, 0xAF, 0x00, 0x5A, 0x79, 0x06, 0xE1, 0xD4, 0x43, 0x60, 0x87, 0xD4, 0x34,
    0xBD, 0xA6, 0x9C, 0x00, 0xA2, 0x36, 0xD4, 0x4B, 0x2D, 0xAB, 0xAF, 0x1C, 0xA5, 0x25, 0x00, 0x00,
    0xA7, 0x22, 0x00, 0x00, 0x36, 0xAF, 0xAB, 0x1C, 0x00, 0x40, 0x72, 0x00, 0x00, 0x8D, 0x16, 0x00,
    0x00, 0x00, 0x00, 0x00, 0xA2, 0xAA, 0xA8, 0x1C, 0xA2, 0xAA, 0xA8, 0x0C, 0xA2, 0x42, 0x00, 0x00,
    0xA2, 0xAA, 0xA8, 0x27, 0x00, 0x57, 0x4C, 0x00, 0x00, 0x00, 0x00, 0x00, 0xA2, 0xAA, 0xA8, 0x1C,
    0xA2, 0xAA, 0xA8, 0x0C, 0xA2, 0x42, 0x00, 0x00, 0xA2, 0xAA, 0xA8, 0x27, 0x00, 0x9C, 0x75, 0x00,
    0x00, 0x00, 0x00, 0x00, 0xA2, 0xAA, 0xA8, 0x1C, 0xA2, 0xAA, 0xA8, 0x0C, 0xA2, 0x42, 0x00, 0x00,
    0xA2, 0xAA, 0xA8, 0x27, 0x01, 0x70, 0x73, 0x00, 0x00, 0x00, 0x00, 0x00, 0xA2, 0xAA, 0xA8, 0x1C,
    0xA2, 0xAA, 0xA8, 0x0C, 0xA2, 0x42, 0x00, 0x00, 0xA2, 0xAA, 0xA8, 0x27, 0x00, 0x96, 0x0A, 0x00,
    0x00, 0x00, 0x00, 0x00, 0x43, 0xE6, 0xBB, 0x01, 0x00, 0xA0, 0x24, 0x00, 0x00, 0xA0, 0x24, 0x00,
    0x43, 0xE6, 0xBB, 0x01, 0x00, 0x52, 0x4E, 0x00, 0x00, 0x00, 0x00, 0x00, 0x43, 0xE6, 0xBB, 0x01,
    0x00, 0xA0, 0x24, 0x00, 0x00, 0xA0, 0x24, 0x00, 0x43, 0xE6, 0xBB, 0x01, 0x01, 0xA1, 0x7F, 0x00,
    0x00, 0x00, 0x00, 0x00, 0x43, 0xE6, 0xBB, 0x01, 0x00, 0xA0, 0x24, 0x00, 0x00, 0xA0, 0x24, 0x00,
    0x43, 0xE6, 0xBB, 0x01, 0x0A, 0x69, 0x73, 0x00, 0x00, 0x00, 0x00, 0x00, 0x43, 0xE6, 0xBB, 0x01,
    0x00, 0xA0, 0x24, 0x00, 0x00, 0xA0, 0x24, 0x00, 0x43, 0xE6, 0xBB, 0x01, 0xC3, 0xA6, 0xA2, 0x00,
    0xED, 0x6D, 0xAC, 0x3F, 0xC3, 0x00, 0xAE, 0x3D, 0xC3, 0xA8, 0xA5, 0x00, 0x00, 0x40, 0x2A, 0x00,
    0x25, 0xDC, 0xA5, 0x00, 0x00, 0x00, 0x00, 0x00, 0xBB, 0x8B, 0x8A, 0x4E, 0xB9, 0xBB, 0x8A, 0x4E,
    0xB9, 0x52, 0xCB, 0x4E, 0xB9, 0x00, 0xF0, 0x4E, 0x00, 0x3C, 0x06, 0x00, 0x00, 0x00, 0x00, 0x00,
    0x5B, 0xA8, 0xB7, 0x06, 0xBE, 0x06, 0x94, 0x51, 0xBE, 0x06, 0x94, 0x4F, 0x5B, 0xA7, 0xB6, 0x06,
    0x00, 0x1F, 0x24, 0x00, 0x00, 0x00, 0x00, 0x00, 0x5B, 0xA8, 0xB7, 0x06, 0xBE, 0x06, 0x94, 0x51,
    0xBE, 0x06, 0x94, 0x4F, 0x5B, 0xA7, 0xB6, 0x06, 0x00, 0x9C, 0x75, 0x00, 0x00, 0x00, 0x00, 0x00,
    0x5B, 0xA8, 0xB7, 0x06, 0xBE, 0x06, 0x94, 0x51, 0xBE, 0x06, 0x94, 0x4F, 0x5B, 0xA7, 0xB6, 0x06,
    0x00, 0x40, 0x2A, 0x00, 0x25, 0xDC, 0xA5, 0x00, 0x00, 0x00, 0x00, 0x00, 0x5B, 0xA8, 0xB7, 0x06,
    0xBE, 0x06, 0x94, 0x51, 0xBE, 0x06, 0x94, 0x4F, 0x5B, 0xA7, 0xB6, 0x06, 0x0A, 0x69, 0x73, 0x00,
    0x00, 0x00, 0x00, 0x00, 0x5B, 0xA8, 0xB7, 0x06, 0xBE, 0x06, 0x94, 0x51, 0xBE, 0x06, 0x94, 0x4F,
    0x5B, 0xA7, 0xB6, 0x06, 0x5B, 0x6D, 0xB4, 0x09, 0x0D, 0xD8, 0xA5, 0x00, 0x4C, 0x19, 0x5D, 0x09,
    0x00, 0x00, 0x00, 0x03, 0x5B, 0xAB, 0xC8, 0x54, 0xC0, 0x37, 0xD4, 0x55, 0xBE, 0x9A, 0x96, 0x51,
    0xA2, 0xAD, 0xB9, 0x06, 0x04, 0x00, 0x00, 0x00, 0x00, 0xAC, 0x0F, 0x00, 0x00, 0x00, 0x00, 0x00,
    0xB4, 0x0C, 0x9C, 0x42, 0xB4, 0x0C, 0x9C, 0x42, 0xB1, 0x0C, 0x9D, 0x3D, 0x76, 0xA1, 0xBC, 0x0D,
    0x00, 0x39, 0x25, 0x00, 0x00, 0x00, 0x00, 0x00, 0xB4, 0x0C, 0x9C, 0x42, 0xB4, 0x0C, 0x9C, 0x42,
    0xB1, 0x0C, 0x9D, 0x3D, 0x76, 0xA1, 0xBC, 0x0D, 0x01, 0xA2, 0x7C, 0x00, 0x00, 0x00, 0x00, 0x00,
    0xB4, 0x0C, 0x9C, 0x42, 0xB4, 0x0C, 0x9C, 0x42, 0xB1, 0x0C, 0x9D, 0x3D, 0x76, 0xA1, 0xBC, 0x0D,
    0x0A, 0x69, 0x73, 0x00, 0x00, 0x00, 0x00, 0x00, 0xB4, 0x0C, 0x9C, 0x42, 0xB4, 0x0C, 0x9C, 0x42,
    0xB1, 0x0C, 0x9D, 0x3D, 0x76, 0xA1, 0xBC, 0x0D, 0x00, 0x73, 0x4B, 0x00, 0x00, 0x00, 0x00, 0x00,
    0xA5, 0x24, 0x9F, 0x49, 0x13, 0xBE, 0xB7, 0x00, 0x00, 0xA3, 0x28, 0x00, 0x00, 0xA0, 0x24, 0x00,
    0x9C, 0x48, 0x00, 0x00, 0x9C, 0xAD, 0xBA, 0x3A, 0x9C, 0xAD, 0xA0, 0x3C, 0x9C, 0x48, 0x00, 0x00,
    0x5E, 0xA8, 0xB5, 0x00, 0xAC, 0x97, 0x7C, 0x00, 0xAE, 0x49, 0xA8, 0x28, 0xAE, 0x8D, 0xBD, 0x4E,
    0x06, 0xB2, 0x0C, 0x00, 0x00, 0x00, 0x00, 0x00, 0x46, 0xA5, 0xC1, 0x07, 0x51, 0x9F, 0xD4, 0x27,
    0x9A, 0xA5, 0xE1, 0x3F, 0x00, 0x4E, 0x76, 0x00, 0x00, 0x00, 0x00, 0x00, 0x46, 0xA5, 0xC1, 0x07,
    0x51, 0x9F, 0xD4, 0x27, 0x9A, 0xA5, 0xE1, 0x3F, 0x03, 0xA2, 0x6A, 0x00, 0x00, 0x00, 0x00, 0x00,
    0x46, 0xA5, 0xC1, 0x07, 0x51, 0x9F, 0xD4, 0x27, 0x9A, 0xA5, 0xE1, 0x3F, 0x00, 0x19, 0x16, 0x00,
    0x1B, 0xDD, 0xA1, 0x00, 0x09, 0x0D, 0x13, 0x00, 0x46, 0xA5, 0xC1, 0x07, 0x51, 0x9F, 0xD4, 0x27,
    0x9A, 0xA5, 0xE1, 0x3F, 0x09, 0x69, 0x73, 0x00, 0x00, 0x00, 0x00, 0x00, 0x46, 0xA5, 0xC1, 0x07,
    0x51, 0x9F, 0xD4, 0x27, 0x9A, 0xA5, 0xE1, 0x3F, 0x00, 0x45, 0x1C, 0x00, 0x00, 0xAE, 0x82, 0x00,
    0x00, 0x00, 0x00, 0x00, 0x46, 0xA5, 0xC1, 0x07, 0x51, 0x9F, 0xD4, 0x27, 0x9A, 0xA5, 0xE1, 0x3F,
    0x6C, 0xC4, 0xA8, 0x7C, 0x88, 0xC8, 0xA3, 0x81, 0xA7, 0xB0, 0xB2, 0x48, 0x42, 0xA3, 0xA6, 0x01,
    0xB5, 0x1F, 0x00, 0x00, 0x46, 0xA7, 0xA0, 0x01, 0x00, 0x4B, 0x67, 0x00, 0x03, 0xB1, 0x0F, 0x00,
    0x00, 0x00, 0x00, 0x00, 0x61, 0xA6, 0xB2, 0x15, 0xB9, 0x93, 0xB4, 0x3F, 0x61, 0xAC, 0xA0, 0x18,
    0x00, 0x3D, 0x6F, 0x00, 0x00, 0x00, 0x00, 0x00, 0x61, 0xA6, 0xB2, 0x15, 0xB9, 0x93, 0xB4, 0x3F,
    0x61, 0xAC, 0xA0, 0x18, 0x00, 0x9A, 0x70, 0x00, 0x00, 0x00, 0x00, 0x00, 0x61, 0xA6, 0xB2, 0x15,
    0xB9, 0x93, 0xB4, 0x3F, 0x61, 0xAC, 0xA0, 0x18, 0x01, 0x70, 0x73, 0x00, 0x00, 0x00, 0x00, 0x00,
    0x61, 0xA6, 0xB2, 0x15, 0xB9, 0x93, 0xB4, 0x3F, 0x61, 0xAC, 0xA0, 0x18, 0x15, 0x8A, 0x00, 0x00,
    0x00, 0x00, 0x00, 0x00, 0x1F, 0xDE, 0x12, 0x00, 0x00, 0xBE, 0x12, 0x00, 0x00, 0x76, 0xBD, 0x1F,
    0x00, 0x39, 0x8B, 0x00, 0x00, 0x00, 0x00, 0x00, 0x1F, 0xDE, 0x12, 0x00, 0x00, 0xBE, 0x12, 0x00,
    0x00, 0x76, 0xBD, 0x1F, 0x0C, 0xA3, 0x63, 0x00, 0x00, 0x00, 0x00, 0x00, 0x1F, 0xDE, 0x12, 0x00,
    0x00, 0xBE, 0x12, 0x00, 0x00, 0x76, 0xBD, 0x1F, 0x16, 0x5B, 0x73, 0x00, 0x00, 0x00, 0x00, 0x00,
    0x1F, 0xDE, 0x12, 0x00, 0x00, 0xBE, 0x12, 0x00, 0x00, 0x76, 0xBD, 0x1F, 0x16, 0xB0, 0x84, 0x00,
    0x61, 0xB5, 0xC1, 0x07, 0xB0, 0x07, 0x9F, 0x45, 0x64, 0xA1, 0xB9, 0x0C, 0x00, 0x45, 0x30, 0x00,
    0x25, 0xC5, 0xBE, 0x00, 0x00, 0x00, 0x00, 0x00, 0xA2, 0xAC, 0xC8, 0x04, 0xA2, 0x2E, 0xB4, 0x1C,
    0xA2, 0x2A, 0xB4, 0x1E, 0x06, 0xB2, 0x0A, 0x00, 0x00, 0x00, 0x00, 0x00, 0x66, 0xBE, 0xB9, 0x0C,
    0xB2, 0x0D, 0xA3, 0x45, 0x67, 0xA0, 0xBA, 0x0C, 0x00, 0x51, 0x73, 0x00, 0x00, 0x00, 0x00, 0x00,
    0x66, 0xBE, 0xB9, 0x0C, 0xB2, 0x0D, 0xA3, 0x45, 0x67, 0xA0, 0xBA, 0x0C, 0x03, 0xA2, 0x69, 0x00,
    0x00, 0x00, 0x00, 0x00, 0x66, 0xBE, 0xB9, 0x0C, 0xB2, 0x0D, 0xA3, 0x45, 0x67, 0xA0, 0xBA, 0x0C,
    0x00, 0x45, 0x30, 0x00, 0x25, 0xC5, 0xBE, 0x00, 0x00, 0x00, 0x00, 0x00, 0x66, 0xBE, 0xB9, 0x0C,
    0xB2, 0x0D, 0xA3, 0x45, 0x67, 0xA0, 0xBA, 0x0C, 0x0A, 0x69, 0x73, 0x00, 0x00, 0x00, 0x00, 0x00,
    0x66, 0xBE, 0xB9, 0x0C, 0xB2, 0x0D, 0xA3, 0x45, 0x67, 0xA0, 0xBA, 0x0C, 0x00, 0x84, 0x27, 0x00,
    0x7B, 0xA8, 0xA8, 0x3C, 0x00, 0x7F, 0x25, 0x00, 0x00, 0x00, 0x00, 0x0C, 0x67, 0xBA, 0xF0, 0x36,
    0xB0, 0x7F, 0xAB, 0x45, 0xB2, 0xB9, 0xBA, 0x0C, 0x0C, 0x00, 0x00, 0x00, 0x06, 0xB2, 0x0A, 0x00,
    0x00, 0x00, 0x00, 0x00, 0xA2, 0x2A, 0xB4, 0x1E, 0xA0, 0x2B, 0xBA, 0x1E, 0x5B, 0xAC, 0xDA, 0x1E,
    0x00, 0x40, 0x5D, 0x00, 0x00, 0x00, 0x00, 0x00, 0xA2, 0x2A, 0xB4, 0x1E, 0xA0, 0x2B, 0xBA, 0x1E,
    0x5B, 0xAC, 0xDA, 0x1E, 0x03, 0xB8, 0x78, 0x00, 0x00, 0x00, 0x00, 0x00, 0xA2, 0x2A, 0xB4, 0x1E,
    0xA0, 0x2B, 0xBA, 0x1E, 0x5B, 0xAC, 0xDA, 0x1E, 0x0A, 0x69, 0x73, 0x00, 0x00, 0x00, 0x00, 0x00,
    0xA2, 0x2A, 0xB4, 0x1E, 0xA0, 0x2B, 0xBA, 0x1E, 0x5B, 0xAC, 0xDA, 0x1E, 0x00, 0x51, 0x73, 0x00,
    0x00, 0x00, 0x00, 0x00, 0xAC, 0x28, 0x99, 0x3D, 0x19, 0xB4, 0xB0, 0x00, 0x00, 0xB2, 0x6D, 0x00,
    0x43, 0xB6, 0x01, 0x00, 0xA8, 0x24, 0x00, 0x00, 0xA8, 0xBD, 0xB5, 0x10, 0xA8, 0x3A, 0x81, 0x52,
    0xA8, 0xA0, 0xB6, 0x12, 0xA8, 0x24, 0x00, 0x00, 0x0A, 0x69, 0x73, 0x00, 0x00, 0x00, 0x00, 0x00,
    0xAC, 0x28, 0x99, 0x3D, 0x19, 0xB4, 0xB0, 0x00, 0x00, 0xB2, 0x6C, 0x00, 0x43, 0xB4, 0x01, 0x00,
    0x0C, 0x8A, 0x60, 0x8A, 0x8A, 0x8A, 0x54, 0x87, 0x58, 0x85, 0x13, 0x94, 0x79, 0x6A, 0x04, 0x2E,
    0xB4, 0xBC, 0x4E, 0x51, 0x93, 0x2E, 0xB9, 0xE1, 0x3D, 0x2E, 0x6A, 0xB6, 0xA9, 0x9C, 0x6F, 0x19,
    0xB9, 0xA8, 0x13, 0xBB, 0xAC, 0x3A, 0x00, 0xBD, 0xAC, 0x10, 0x00, 0x1C, 0xBE, 0xA5, 0x13, 0x00,
    0x27, 0x03, 0x0D, 0x7C, 0x87, 0x00, 0x4E, 0x4E, 0x00, 0x75, 0x55, 0x00, 0x40, 0x22, 0x00, 0x4E,
    0x4E, 0x00, 0x4E, 0x4E, 0x0F, 0x8E, 0x78, 0x00, 0x03, 0x00, 0x00, 0x00, 0x70, 0x01, 0xAB, 0xC0,
    0xD8, 0x1F, 0xB4, 0xFD, 0xA0, 0x21, 0x9D, 0x0F, 0x00, 0x00, 0xAB, 0xBA, 0xBA, 0x1F, 0xAB, 0xBA,
    0xBA, 0x1F, 0xB1, 0xA0, 0xA0, 0x21, 0x00, 0x00, 0x0A, 0x0A, 0x7F, 0xA1, 0xA0, 0x18, 0x93, 0xBE,
    0xAE, 0x13, 0xB1, 0xA0, 0xB4, 0x2E, 0x15, 0x00, 0x00, 0x00, 0xA6, 0xA2, 0x9D, 0x0F, 0x91, 0xA1,
    0xAE, 0x13, 0xB2, 0xA0, 0xA0, 0x21, 0x00, 0x21, 0xB5, 0x40, 0x00, 0xB6, 0x1C, 0xB6, 0x00, 0xBC,
    0x0D, 0xB7, 0x2A, 0xA2, 0xA5, 0x4E, 0x01, 0x00, 0x00, 0x00, 0x00, 0x57, 0xA8, 0xA8, 0x85, 0x6A,
    0x84, 0xA3, 0xAB, 0xB2, 0xAA, 0x2A, 0x99, 0xBB, 0xAE, 0x04, 0xB4, 0xD4, 0xD0, 0xAF, 0x00, 0x00,
    0x00, 0x67, 0x51, 0x01, 0x4E, 0x00, 0x66, 0x6C, 0x85, 0x6D, 0x66, 0x3F, 0x6C, 0x4C, 0xB4, 0x6C,
    0x6C, 0x52, 0x00, 0x0D, 0x00, 0x00, 0x00, 0x09, 0xA0, 0xA0, 0x81, 0x0E, 0xFA, 0xFA, 0xA7, 0x03,
    0x54, 0x54, 0x37, 0xA8, 0xB4, 0xB4, 0xB4, 0xB4, 0xB4, 0xB4, 0x3A, 0xFF, 0x1B, 0xFF, 0x1E, 0xFF,
    0x1E, 0xFF, 0x1E, 0xFF, 0x1E, 0xFF, 0x1E, 0xFF, 0x1E, 0x6C, 0x09, 0xA5, 0x7B, 0x7B, 0x5A, 0xD5,
    0xA0, 0xA0, 0x8B, 0x48, 0x34, 0x34, 0x27, 0x10, 0xB4, 0x81, 0x91, 0x88, 0x88, 0xB4, 0x07, 0x1E,
    0x01, 0xFF, 0x1E, 0xC5, 0x15, 0xDE, 0x18, 0xD2, 0x16, 0xD2, 0x16, 0xFF, 0x1E, 0x0F, 0x00, 0x6C,
    0x69, 0x7B, 0x57, 0xA8, 0xA3, 0xA0, 0x87, 0x2E, 0x2D, 0x34, 0x25, 0x0D, 0xB4, 0x54, 0x9F, 0x70,
    0x5B, 0xB4, 0x1E, 0x19, 0x01, 0xFF, 0x1E, 0x9A, 0x0D, 0xF3, 0x19, 0xAB, 0x12, 0xA9, 0x0F, 0xFF,
    0x1E, 0x37, 0x04, 0x5A, 0xA0, 0x78, 0xB4, 0x00, 0x00, 0xB4, 0x00, 0x00, 0xB4, 0x00, 0x00, 0x40,
    0x00, 0x00, 0x8B, 0xFA, 0xBB, 0xB4, 0x54, 0x34, 0xB4, 0x00, 0x00, 0xB4, 0x00, 0x00, 0x3A, 0x00,
    0x00, 0xA5, 0xA0, 0x5A, 0xFF, 0x1E, 0x00, 0xFF, 0x1E, 0x00, 0xFF, 0x1E, 0x00, 0x76, 0x0A, 0x00,
    0xD5, 0xFA, 0x8B, 0xFF, 0x6A, 0x27, 0xFF, 0x1E, 0x00, 0xFF, 0x1E, 0x00, 0x6C, 0x09, 0x00, 0x00,
    0x15, 0xA0, 0xA0, 0x00, 0x00, 0x00, 0xB4, 0x00, 0x00, 0x00, 0xB4, 0x00, 0x00, 0x00, 0xB4, 0x00,
    0x00, 0x00, 0x40, 0x00, 0x1F, 0xFA, 0xFA, 0x00, 0x09, 0x54, 0xBA, 0x00, 0x00, 0x00, 0xB4, 0x00,
    0x00, 0x00, 0xB4, 0x00, 0x00, 0x00, 0x3A, 0x20, 0x92, 0x8E, 0x0F, 0x00, 0x00, 0xE3, 0x1E, 0x00,
    0x00, 0xE3, 0x1E, 0x00, 0x00, 0xE3, 0x1E, 0x00, 0x00, 0x69, 0x0A, 0x31, 0xE5, 0xDE, 0x16, 0x0D,
    0x4C, 0xE3, 0x1E, 0x00, 0x00, 0xE3, 0x1E, 0x00, 0x00, 0xE3, 0x1E, 0x00, 0x00, 0x60, 0x09, 0xA2,
    0x00, 0x00, 0xB4, 0x00, 0x00, 0xB4, 0x00, 0x00, 0xB4, 0xA0, 0x78, 0xA8, 0x00, 0x00, 0xB4, 0x00,
    0x00, 0xB4, 0x00, 0x00, 0xB4, 0xFA, 0xBB, 0x27, 0x54, 0x34, 0xF8, 0x1B, 0x00, 0xFF, 0x1E, 0x00,
    0xFF, 0x1E, 0x00, 0xFF, 0xAC, 0x5A, 0xFF, 0x1B, 0x00, 0xFF, 0x1E, 0x00, 0xFF, 0x1E, 0x00, 0xFF,
    0xFF, 0x8B, 0x48, 0x54, 0x27, 0x00, 0x00, 0x00, 0xA2, 0x00, 0x00, 0x00, 0xB4, 0x00, 0x00, 0x00,
    0xB4, 0x00, 0x15, 0xA0, 0xEB, 0x00, 0x00, 0x00, 0xA8, 0x00, 0x00, 0x00, 0xB4, 0x00, 0x00, 0x00,
    0xB4, 0x00, 0x1F, 0xFA, 0xFF, 0x00, 0x09, 0x54, 0x54, 0x00, 0x00, 0xDC, 0x1B, 0x00, 0x00, 0xE3,
    0x1E, 0x00, 0x00, 0xE3, 0x1E, 0x20, 0x92, 0xE3, 0x1E, 0x00, 0x00, 0xE3, 0x1B, 0x00, 0x00, 0xE3,
    0x1E, 0x00, 0x00, 0xE3, 0x1E, 0x31, 0xE5, 0xE3, 0x1E, 0x0D, 0x4C, 0x4A, 0x06, 0xA8, 0x00, 0x00,
    0xB4, 0x00, 0x00, 0xB4, 0x00, 0x00, 0xB4, 0xA5, 0x7B, 0xB4, 0x00, 0x00, 0xB4, 0x00, 0x00, 0xB4,
    0x00, 0x00, 0x3A, 0x00, 0x00, 0xA8, 0x00, 0x00, 0xB4, 0x00, 0x00, 0xB4, 0x00, 0x00, 0xB4, 0xFF,
    0xBE, 0xB4, 0x54, 0x34, 0xB4, 0x00, 0x00, 0xB4, 0x00, 0x00, 0x3A, 0x00, 0x00, 0xEC, 0x19, 0x00,
    0xFF, 0x1E, 0x00, 0xFF, 0x1E, 0x00, 0xFF, 0xBD, 0x51, 0xBA, 0x12, 0x07, 0xB4, 0x00, 0x00, 0xB4,
    0x00, 0x00, 0x48, 0x00, 0x00, 0x5A, 0x00, 0x00, 0xB4, 0x00, 0x00, 0xB4, 0x00, 0x00, 0xA1, 0x24,
    0x10, 0xFF, 0xAC, 0x48, 0xFF, 0x1E, 0x00, 0xFF, 0x1E, 0x00, 0xD2, 0x16, 0x00, 0xFF, 0x1B, 0x00,
    0xFF, 0x1E, 0x00, 0xFF, 0x1E, 0x00, 0xFF, 0xB0, 0x5B, 0xFF, 0x1E, 0x00, 0xFF, 0x1E, 0x00, 0xFF,
    0x1E, 0x00, 0x6C, 0x09, 0x00, 0xFF, 0x1B, 0x00, 0xFF, 0x1E, 0x00, 0xFF, 0x1E, 0x00, 0xFF, 0xFF,
    0x8E, 0xB0, 0x54, 0x27, 0xB4, 0x00, 0x00, 0xB4, 0x00, 0x00, 0x3A, 0x00, 0x00, 0xA8, 0x00, 0x00,
    0xB4, 0x00, 0x00, 0xB4, 0x00, 0x00, 0xF7, 0xFA, 0x8B, 0xFF, 0x6A, 0x27, 0xFF, 0x1E, 0x00, 0xFF,
    0x1E, 0x00, 0x6C, 0x09, 0x00, 0xFF, 0x1B, 0x00, 0xFF, 0x1E, 0x00, 0xFF, 0x1E, 0x00, 0xFF, 0xFF,
    0x8E, 0xFF, 0x6A, 0x27, 0xFF, 0x1E, 0x00, 0xFF, 0x1E, 0x00, 0x6C, 0x09, 0x00, 0x00, 0x00, 0x00,
    0xA8, 0x00, 0x00, 0x00, 0xB4, 0x00, 0x00, 0x00, 0xB4, 0x00, 0x15, 0xA5, 0xED, 0x00, 0x00, 0x00,
    0xB4, 0x00, 0x00, 0x00, 0xB4, 0x00, 0x00, 0x00, 0xB4, 0x00, 0x00, 0x00, 0x3A, 0x00, 0x00, 0x00,
    0xA8, 0x00, 0x00, 0x00, 0xB4, 0x00, 0x00, 0x00, 0xB4, 0x00, 0x21, 0xFF, 0xFF, 0x00, 0x09, 0x54,
    0xBA, 0x00, 0x00, 0x00, 0xB4, 0x00, 0x00, 0x00, 0xB4, 0x00, 0x00, 0x00, 0x3A, 0x00, 0x00, 0xDC,
    0x1B, 0x00, 0x00, 0xE3, 0x1E, 0x00, 0x00, 0xE3, 0x1E, 0x20, 0x92, 0xE3, 0x1E, 0x00, 0x00, 0x9E,
    0x00, 0x00, 0x00, 0x9E, 0x00, 0x00, 0x00, 0x9E, 0x00, 0x00, 0x00, 0x38, 0x00, 0x00, 0x00, 0x8E,
    0x00, 0x00, 0x00, 0x9E, 0x00, 0x00, 0x00, 0x9E, 0x00, 0x20, 0x92, 0xD0, 0x0F, 0x00, 0x00, 0xE3,
    0x1E, 0x00, 0x00, 0xE3, 0x1E, 0x00, 0x00, 0xE3, 0x1E, 0x00, 0x00, 0x69, 0x0A, 0x00, 0x00, 0xE3,
    0x1B, 0x00, 0x00, 0xE3, 0x1E, 0x00, 0x00, 0xE3, 0x1E, 0x21, 0x97, 0xE3, 0x1E, 0x00, 0x00, 0xE3,
    0x1E, 0x00, 0x00, 0xE3, 0x1E, 0x00, 0x00, 0xE3, 0x1E, 0x00, 0x00, 0x60, 0x09, 0x00, 0x00, 0xE3,
    0x1B, 0x00, 0x00, 0xE3, 0x1E, 0x00, 0x00, 0xE3, 0x1E, 0x31, 0xE5, 0xE3, 0x1E, 0x0D, 0x4C, 0xA4,
    0x06, 0x00, 0x00, 0x9E, 0x00, 0x00, 0x00, 0x9E, 0x00, 0x00, 0x00, 0x33, 0x00, 0x00, 0x00, 0x93,
    0x00, 0x00, 0x00, 0x9E, 0x00, 0x00, 0x00, 0x9E, 0x00, 0x31, 0xE5, 0xE2, 0x16, 0x0D, 0x4C, 0xE3,
    0x1E, 0x00, 0x00, 0xE3, 0x1E, 0x00, 0x00, 0xE3, 0x1E, 0x00, 0x00, 0x60, 0x09, 0x00, 0x00, 0xE3,
    0x1B, 0x00, 0x00, 0xE3, 0x1E, 0x00, 0x00, 0xE3, 0x1E, 0x33, 0xE9, 0xE3, 0x1E, 0x0D, 0x4C, 0xE3,
    0x1E, 0x00, 0x00, 0xE3, 0x1E, 0x00, 0x00, 0xE3, 0x1E, 0x00, 0x00, 0x60, 0x09, 0x09, 0xA0, 0xA0,
    0x81, 0x00, 0x2A, 0x33, 0x00, 0x00, 0x2A, 0x33, 0x00, 0x00, 0x2A, 0x33, 0x00, 0x00, 0x0F, 0x11,
    0x00, 0x0E, 0xFA, 0xB9, 0x81, 0x03, 0x6B, 0x39, 0x00, 0x00, 0x29, 0x36, 0x00, 0x00, 0x29, 0x36,
    0x00, 0x00, 0x0D, 0x10, 0x00, 0xA2, 0xB1, 0xFA, 0xDE, 0x00, 0x4E, 0xA3, 0x49, 0x00, 0x4E, 0x66,
    0x00, 0x00, 0x4E, 0x66, 0x00, 0x00, 0x19, 0x21, 0x00, 0x0E, 0xFA, 0xFA, 0xA7, 0x03, 0x6C, 0x72,
    0x37, 0x00, 0x2A, 0x33, 0x00, 0x00, 0x2A, 0x33, 0x00, 0x00, 0x0E, 0x10, 0x00, 0x26, 0xA0, 0xA0,
    0x5A, 0x00, 0x40, 0x56, 0x00, 0x00, 0x40, 0x56, 0x00, 0x00, 0x40, 0x56, 0x00, 0x00, 0x1E, 0x25,
    0x00, 0x3B, 0xFA, 0xBB, 0x5A, 0x10, 0x7F, 0x56, 0x00, 0x00, 0x40, 0x56, 0x00, 0x00, 0x40, 0x56,
    0x00, 0x00, 0x1B, 0x22, 0x00, 0x26, 0xB3, 0xF7, 0x8B, 0x00, 0x40, 0x8F, 0x27, 0x00, 0x40, 0x56,
    0x00, 0x00, 0x40, 0x56, 0x00, 0x00, 0x1B, 0x22, 0x00, 0x3B, 0xFA, 0xFA, 0x8B, 0x10, 0x7F, 0x8F,
    0x27, 0x00, 0x40, 0x56, 0x00, 0x00, 0x40, 0x56, 0x00, 0x00, 0x1B, 0x22, 0x00, 0x00, 0x26, 0x2D,
    0x00, 0x00, 0x2A, 0x33, 0x00, 0x00, 0x2A, 0x33, 0x00, 0x09, 0xB2, 0xB5, 0x81, 0x00, 0x2A, 0x2A,
    0x00, 0x00, 0x2D, 0x2D, 0x00, 0x00, 0x2D, 0x2D, 0x00, 0x17, 0xFB, 0xB8, 0x78, 0x07, 0x54, 0x15,
    0x00, 0x00, 0x2A, 0x2A, 0x00, 0x00, 0x2D, 0x2D, 0x00, 0x00, 0x2D, 0x2D, 0x00, 0x10, 0xB3, 0xF6,
    0xBB, 0x00, 0x0A, 0x49, 0x34, 0x00, 0x27, 0x2F, 0x00, 0x00, 0x2A, 0x33, 0x00, 0x00, 0x2A, 0x33,
    0x00, 0x0E, 0xFB, 0xFC, 0xA7, 0x03, 0x54, 0x54, 0x37, 0x00, 0x3E, 0x52, 0x00, 0x00, 0x40, 0x56,
    0x00, 0x00, 0x40, 0x56, 0x00, 0x26, 0xB8, 0xC1, 0x5A, 0x00, 0x40, 0x54, 0x00, 0x00, 0x40, 0x56,
    0x00, 0x00, 0x40, 0x56, 0x00, 0x3B, 0xFB, 0xC1, 0x5A, 0x10, 0x54, 0x1A, 0x00, 0x00, 0x40, 0x54,
    0x00, 0x00, 0x40, 0x56, 0x00, 0x00, 0x40, 0x56, 0x00, 0x26, 0xB8, 0xFF, 0x8B, 0x00, 0x12, 0x51,
    0x27, 0x00, 0x40, 0x54, 0x00, 0x00, 0x40, 0x56, 0x00, 0x00, 0x40, 0x56, 0x00, 0x3B, 0xFB, 0xFF,
    0x8B, 0x10, 0x54, 0x54, 0x27, 0x00, 0x27, 0x2F, 0x00, 0x00, 0x2A, 0x33, 0x00, 0x00, 0x2A, 0x33,
    0x00, 0x09, 0xB6, 0xB8, 0x84, 0x00, 0x2A, 0x33, 0x00, 0x00, 0x2A, 0x33, 0x00, 0x00, 0x2A, 0x33,
    0x00, 0x00, 0x0E, 0x10, 0x00, 0x00, 0x2A, 0x2A, 0x00, 0x00, 0x2D, 0x2D, 0x00, 0x00, 0x2D, 0x2D,
    0x00, 0x19, 0xFF, 0xBC, 0x7B, 0x07, 0x6E, 0x2F, 0x00, 0x00, 0x2D, 0x2D, 0x00, 0x00, 0x2D, 0x2D,
    0x00, 0x00, 0x0F, 0x0F, 0x00, 0x00, 0x2A, 0x2A, 0x00, 0x00, 0x2D, 0x2D, 0x00, 0x00, 0x2D, 0x2D,
    0x00, 0x10, 0xB7, 0xFB, 0xBE, 0x00, 0x2D, 0x6C, 0x34, 0x00, 0x2D, 0x2D, 0x00, 0x00, 0x2D, 0x2D,
    0x00, 0x00, 0x0F, 0x0F, 0x00, 0x00, 0x27, 0x2F, 0x00, 0x00, 0x2A, 0x33, 0x00, 0x00, 0x2A, 0x33,
    0x00, 0x0E, 0xFF, 0xFF, 0xAB, 0x03, 0x6C, 0x72, 0x37, 0x00, 0x2A, 0x33, 0x00, 0x00, 0x2A, 0x33,
    0x00, 0x00, 0x0E, 0x10, 0x00, 0x00, 0x3E, 0x52, 0x00, 0x00, 0x40, 0x56, 0x00, 0x00, 0x40, 0x56,
    0x00, 0x26, 0xB8, 0xC1, 0x5A, 0x00, 0x2D, 0x2D, 0x00, 0x00, 0x2D, 0x2D, 0x00, 0x00, 0x2D, 0x2D,
    0x00, 0x00, 0x10, 0x10, 0x00, 0x00, 0x29, 0x29, 0x00, 0x00, 0x2D, 0x2D, 0x00, 0x00, 0x2D, 0x2D,
    0x00, 0x26, 0xB3, 0xB3, 0x5A, 0x00, 0x40, 0x56, 0x00, 0x00, 0x40, 0x56, 0x00, 0x00, 0x40, 0x56,
    0x00, 0x00, 0x1E, 0x25, 0x00, 0x00, 0x40, 0x54, 0x00, 0x00, 0x40, 0x56, 0x00, 0x00, 0x40, 0x56,
    0x00, 0x27, 0xBC, 0xC4, 0x5B, 0x00, 0x40, 0x56, 0x00, 0x00, 0x40, 0x56, 0x00, 0x00, 0x40, 0x56,
    0x00, 0x00, 0x1B, 0x22, 0x00, 0x00, 0x40, 0x54, 0x00, 0x00, 0x40, 0x56, 0x00, 0x00, 0x40, 0x56,
    0x00, 0x3B, 0xFB, 0xC1, 0x5A, 0x10, 0x6E, 0x33, 0x00, 0x00, 0x2D, 0x2D, 0x00, 0x00, 0x2D, 0x2D,
    0x00, 0x00, 0x0F, 0x0F, 0x00, 0x00, 0x40, 0x54, 0x00, 0x00, 0x40, 0x56, 0x00, 0x00, 0x40, 0x56,
    0x00, 0x26, 0xB8, 0xFF, 0x8E, 0x00, 0x2C, 0x6B, 0x27, 0x00, 0x2D, 0x2D, 0x00, 0x00, 0x2D, 0x2D,
    0x00, 0x00, 0x0F, 0x0F, 0x00, 0x00, 0x2A, 0x2A, 0x00, 0x00, 0x2D, 0x2D, 0x00, 0x00, 0x2D, 0x2D,
    0x00, 0x3B, 0xFB, 0xBC, 0x5A, 0x10, 0x7F, 0x56, 0x00, 0x00, 0x40, 0x56, 0x00, 0x00, 0x40, 0x56,
    0x00, 0x00, 0x1B, 0x22, 0x00, 0x00, 0x2A, 0x2A, 0x00, 0x00, 0x2D, 0x2D, 0x00, 0x00, 0x2D, 0x2D,
    0x00, 0x26, 0xB8, 0xFB, 0x8B, 0x00, 0x40, 0x8F, 0x27, 0x00, 0x40, 0x56, 0x00, 0x00, 0x40, 0x56,
    0x00, 0x00, 0x1B, 0x22, 0x00, 0x00, 0x40, 0x54, 0x00, 0x00, 0x40, 0x56, 0x00, 0x00, 0x40, 0x56,
    0x00, 0x3B, 0xFB, 0xFF, 0x8B, 0x10, 0x6E, 0x6E, 0x27, 0x00, 0x2D, 0x2D, 0x00, 0x00, 0x2D, 0x2D,
    0x00, 0x00, 0x0F, 0x0F, 0x00, 0x00, 0x2A, 0x2A, 0x00, 0x00, 0x2D, 0x2D, 0x00, 0x00, 0x2D, 0x2D,
    0x00, 0x3B, 0xFB, 0xFB, 0x8B, 0x10, 0x7F, 0x8F, 0x27, 0x00, 0x40, 0x56, 0x00, 0x00, 0x40, 0x56,
    0x00, 0x00, 0x1B, 0x22, 0x00, 0x00, 0x40, 0x54, 0x00, 0x00, 0x40, 0x56, 0x00, 0x00, 0x40, 0x56,
    0x00, 0x3D, 0xFF, 0xC4, 0x5B, 0x10, 0x7F, 0x56, 0x00, 0x00, 0x40, 0x56, 0x00, 0x00, 0x40, 0x56,
    0x00, 0x00, 0x1B, 0x22, 0x00, 0x00, 0x40, 0x54, 0x00, 0x00, 0x40, 0x56, 0x00, 0x00, 0x40, 0x56,
    0x00, 0x27, 0xBC, 0xFF, 0x8E, 0x00, 0x40, 0x8F, 0x27, 0x00, 0x40, 0x56, 0x00, 0x00, 0x40, 0x56,
    0x00, 0x00, 0x1B, 0x22, 0x00, 0x00, 0x40, 0x54, 0x00, 0x00, 0x40, 0x56, 0x00, 0x00, 0x40, 0x56,
    0x00, 0x3D, 0xFF, 0xFF, 0x8E, 0x10, 0x7F, 0x8F, 0x27, 0x00, 0x40, 0x56, 0x00, 0x00, 0x40, 0x56,
    0x00, 0x00, 0x1B, 0x22, 0x00, 0xB1, 0x7B, 0xA0, 0x42, 0xE6, 0xA0, 0xFA, 0x66, 0x4C, 0x34, 0x54,
    0x1C, 0x07, 0xB4, 0xB4, 0x51, 0x61, 0xB4, 0xAB, 0x0F, 0x00, 0xFF, 0x1E, 0xFF, 0x1E, 0x94, 0x0D,
    0xB4, 0x0F, 0xFF, 0x1E, 0xFF, 0x1C, 0x09, 0xA0, 0xA0, 0x81, 0x09, 0xA0, 0xA0, 0x81, 0xA8, 0xA8,
    0xB4, 0xB4, 0xB4, 0xB4, 0xB4, 0xB4, 0xB4, 0xB4, 0xB4, 0xB4, 0xB4, 0xB4, 0x3A, 0x3A, 0x91, 0xA0,
    0x78, 0xB4, 0xA0, 0x78, 0xB4, 0x00, 0x00, 0xB4, 0x00, 0x00, 0x61, 0x00, 0x00, 0xAB, 0xA0, 0x81,
    0xB4, 0xB4, 0x00, 0xB4, 0xB4, 0x00, 0xB4, 0xB4, 0x00, 0x40, 0x40, 0x00, 0xBC, 0xA0, 0x81, 0xB4,
    0xC6, 0x81, 0xB4, 0xB4, 0x00, 0xB4, 0xB4, 0x00, 0x61, 0x61, 0x00, 0x00, 0x15, 0xA0, 0xCE, 0x00,
    0x15, 0xA0, 0xEB, 0x00, 0x00, 0x00, 0xB4, 0x00, 0x00, 0x00, 0xB4, 0x00, 0x00, 0x00, 0x61, 0x08,
    0x8E, 0x98, 0x63, 0x00, 0x00, 0xB4, 0xB4, 0x00, 0x00, 0xB4, 0xB4, 0x00, 0x00, 0xB4, 0xB4, 0x00,
    0x00, 0x40, 0x40, 0x08, 0x8E, 0x9F, 0x9A, 0x08, 0x8E, 0xA8, 0xB4, 0x00, 0x00, 0xB4, 0xB4, 0x00,
    0x00, 0xB4, 0xB4, 0x00, 0x00, 0x61, 0x61, 0x81, 0x00, 0x00, 0xB4, 0x00, 0x00, 0xB4, 0x00, 0x00,
    0xB4, 0xA5, 0x7B, 0x7B, 0xA0, 0x78, 0xA2, 0xA2, 0x00, 0xB4, 0xB4, 0x00, 0xB4, 0xB4, 0x00, 0xD9,
    0xEB, 0x81, 0x81, 0x81, 0x00, 0xB4, 0xB4, 0x00, 0xB4, 0xB4, 0x00, 0xB4, 0xB6, 0x84, 0xAA, 0xA0,
    0x81, 0x00, 0x00, 0x00, 0x81, 0x00, 0x00, 0x00, 0xB4, 0x00, 0x00, 0x00, 0xB4, 0x00, 0x15, 0xA5,
    0xED, 0x00, 0x15, 0xA0, 0xBB, 0x00, 0x00, 0xA2, 0xA2, 0x00, 0x00, 0xB4, 0xB4, 0x00, 0x00, 0xB4,
    0xB4, 0x08, 0x8E, 0xE5, 0xBD, 0x00, 0x00, 0x81, 0x81, 0x00, 0x00, 0xB4, 0xB4, 0x00, 0x00, 0xB4,
    0xB4, 0x08, 0x92, 0x95, 0xB4, 0x08, 0x8E, 0x9D, 0x84, 0xA8, 0x00, 0x00, 0xB4, 0x00, 0x00, 0xB4,
    0x12, 0x0A, 0xB4, 0xBA, 0x73, 0xB4, 0xB4, 0x70, 0xB4, 0x00, 0x00, 0xB4, 0x00, 0x00, 0x3A, 0x00,
    0x00, 0xA8, 0xA8, 0x00, 0xB4, 0xB4, 0x00, 0xB4, 0xB4, 0x00, 0xB4, 0xE4, 0x84, 0xB4, 0xB4, 0x00,
    0xB4, 0xB4, 0x00, 0xB4, 0xB4, 0x00, 0x3A, 0x3A, 0x00, 0xA8, 0xA8, 0x00, 0xB4, 0xB4, 0x00, 0xB4,
    0xBB, 0x0C, 0xB4, 0xB1, 0x7C, 0xB4, 0xDE, 0x78, 0xB4, 0xB4, 0x00, 0xB4, 0xB4, 0x00, 0x3A, 0x3A,
    0x00, 0x00, 0x00, 0x00, 0xA8, 0x00, 0x00, 0x00, 0xB4, 0x00, 0x01, 0x12, 0xBD, 0x00, 0x13, 0xBA,
    0xE7, 0x00, 0x13, 0xB4, 0xE4, 0x00, 0x00, 0x00, 0xB4, 0x00, 0x00, 0x00, 0xB4, 0x00, 0x00, 0x00,
    0x3A, 0x00, 0x00, 0xA8, 0xA8, 0x00, 0x00, 0xB4, 0xB4, 0x00, 0x00, 0xB4, 0xB4, 0x08, 0x92, 0xA9,
    0xB4, 0x00, 0x00, 0xB4, 0xB4, 0x00, 0x00, 0xB4, 0xB4, 0x00, 0x00, 0xB4, 0xB4, 0x00, 0x00, 0x3A,
    0x3A, 0x00, 0x00, 0xA8, 0xA8, 0x00, 0x00, 0xB4, 0xB4, 0x00, 0x10, 0xB5, 0xB4, 0x06, 0xA4, 0x73,
    0xB4, 0x06, 0x9F, 0xA8, 0xB4, 0x00, 0x00, 0xB4, 0xB4, 0x00, 0x00, 0xB4, 0xB4, 0x00, 0x00, 0x3A,
    0x3A, 0x09, 0xA0, 0xA0, 0x81, 0x09, 0xAB, 0xAC, 0x81, 0x00, 0x2A, 0x33, 0x00, 0x00, 0x2A, 0x33,
    0x00, 0x00, 0x17, 0x1B, 0x00, 0x09, 0xA0, 0xA0, 0x81, 0x00, 0x2D, 0xB4, 0x00, 0x00, 0x2D, 0xB4,
    0x00, 0x00, 0x2D, 0xB4, 0x00, 0x00, 0x10, 0x40, 0x00, 0x09, 0xA0, 0xA0, 0x81, 0x09, 0xA1, 0xC0,
    0x81, 0x00, 0x2D, 0xB4, 0x00, 0x00, 0x2D, 0xB4, 0x00, 0x00, 0x18, 0x61, 0x00, 0x00, 0x1E, 0x23,
    0x00, 0x00, 0x2A, 0x33, 0x00, 0x00, 0x2A, 0x33, 0x00, 0x09, 0xAB, 0xAC, 0x84, 0x09, 0xA0, 0xA0,
    0x81, 0x00, 0x29, 0xA2, 0x00, 0x00, 0x2D, 0xB4, 0x00, 0x00, 0x2D, 0xB4, 0x00, 0x09, 0xB3, 0xEB,
    0x81, 0x00, 0x20, 0x81, 0x00, 0x00, 0x2D, 0xB4, 0x00, 0x00, 0x2D, 0xB4, 0x00, 0x09, 0x9F, 0xAE,
    0x84, 0x09, 0xA0, 0xA0, 0x81, 0x00, 0x27, 0x2F, 0x00, 0x00, 0x2A, 0x33, 0x00, 0x00, 0x3A, 0x41,
    0x0C, 0x08, 0xC4, 0xB1, 0x7C, 0x08, 0xBF, 0xC3, 0x78, 0x00, 0x2A, 0x33, 0x00, 0x00, 0x2A, 0x33,
    0x00, 0x00, 0x0E, 0x10, 0x00, 0x00, 0x2A, 0xA8, 0x00, 0x00, 0x2D, 0xB4, 0x00, 0x00, 0x2D, 0xB4,
    0x00, 0x09, 0xB7, 0xED, 0x84, 0x00, 0x2D, 0xB4, 0x00, 0x00, 0x2D, 0xB4, 0x00, 0x00, 0x2D, 0xB4,
    0x00, 0x00, 0x0F, 0x3A, 0x00, 0x00, 0x20, 0x81, 0x00, 0x00, 0x2D, 0xB4, 0x00, 0x00, 0x2D, 0xB4,
    0x00, 0x09, 0xA0, 0xAD, 0x84, 0x09, 0xA2, 0xBE, 0x81, 0x00, 0x2D, 0xB4, 0x00, 0x00, 0x2D, 0xB4,
    0x00, 0x00, 0x18, 0x61, 0x00, 0x12, 0xAF, 0x78, 0x9F, 0x24, 0x00, 0xB4, 0x00, 0x00, 0xB4, 0x00,
    0x00, 0x40, 0x00, 0x00, 0x00, 0x15, 0xA0, 0x64, 0x00, 0x00, 0x00, 0xA1, 0x00, 0x00, 0x00, 0xB4,
    0x00, 0x00, 0x00, 0xB4, 0x00, 0x00, 0x00, 0x40, 0x00, 0x00, 0x00, 0xA2, 0x00, 0x00, 0x00, 0xB4,
    0x00, 0x00, 0x00, 0xB4, 0x00, 0x15, 0xA0, 0xAB, 0xA2, 0x00, 0x00, 0xB4, 0x00, 0x00, 0xB1, 0x01,
    0x00, 0x5A, 0xAF, 0x78, 0x00, 0x00, 0x00, 0x8B, 0x00, 0x00, 0x47, 0x6C, 0x00, 0x00, 0x7D, 0x00,
    0x00, 0x17, 0x68, 0x00, 0x00, 0x2A, 0x2A, 0x00, 0x00, 0x5F, 0x1B, 0x00, 0x00, 0x7C, 0x00, 0x00,
    0x12, 0x3E, 0x00, 0x00, 0x12, 0x53, 0x00, 0x00, 0x00, 0x7A, 0x01, 0x00, 0x00, 0x53, 0x21, 0x00,
    0x00, 0x29, 0x2B, 0x00, 0x00, 0x11, 0x74, 0x00, 0x00, 0x00, 0x7A, 0x03, 0x00, 0x00, 0x34, 0x84,
    0x00, 0x00, 0x00, 0x6F, 0x12, 0x74, 0x02, 0xB2, 0x00, 0x8C, 0x67, 0x43, 0x00, 0x44, 0xA1, 0x00,
    0x00, 0x2E, 0x6A, 0x00, 0x00, 0x30, 0xA5, 0x00, 0x00, 0x72, 0x98, 0x0F, 0x01, 0x79, 0x1C, 0xA2,
    0x10, 0x20, 0x00, 0x42, 0x00, 0x0C, 0xA0, 0x9C, 0x7E, 0xB4, 0xB4, 0xAB, 0x0F, 0xA0, 0x96, 0x07,
    0xB4, 0xB4, 0xB4, 0x64, 0x00, 0x12, 0xFA, 0xCA, 0x00, 0x04, 0x54, 0x43, 0xC0, 0x15, 0xFF, 0x1E,
    0xFF, 0x1E, 0xFF, 0x1C, 0x16, 0xFA, 0xC3, 0x06, 0x54, 0x40, 0x0F, 0x00, 0xFF, 0x1E, 0xFF, 0x1E,
    0xFF, 0x1E, 0xB8, 0x10, 0xA0, 0xA6, 0xFA, 0xB6, 0x00, 0x06, 0x54, 0x3D, 0x7E, 0x00, 0xB4, 0x00,
    0xB4, 0x00, 0xBA, 0x00, 0xFF, 0x1E, 0xFF, 0x1E, 0xFF, 0x1E, 0xB8, 0x10, 0x0E, 0xF7, 0xB3, 0x81,
    0x03, 0x51, 0x12, 0x00, 0xC0, 0x15, 0xFF, 0x1E, 0xFF, 0x1E, 0xFF, 0x1C, 0xB4, 0x00, 0xB4, 0x00,
    0xB4, 0x00, 0x64, 0x00, 0xA6, 0xAA, 0xAA, 0x78, 0xFF, 0xFF, 0xFF, 0xBE, 0xFF, 0xFF, 0xFF, 0xBE,
    0xFF, 0xFF, 0xFF, 0xBE, 0x10, 0x12, 0x12, 0x0A, 0x7E, 0x7E, 0x7E, 0x4C, 0x84, 0x00, 0x00, 0x7E,
    0x84, 0x00, 0x00, 0x7E, 0x84, 0x00, 0x00, 0x7E, 0x81, 0x84, 0x84, 0x4E, 0x00, 0x16, 0x00, 0x00,
    0x00, 0xC3, 0x58, 0x00, 0x31, 0xFF, 0xE8, 0x00, 0xC5, 0xFF, 0xFF, 0x57, 0x52, 0x5A, 0x5A, 0x30,
    0x2D, 0x00, 0x00, 0x00, 0xFF, 0xC0, 0x30, 0x00, 0xFF, 0xFF, 0xFF, 0x43, 0xFF, 0xBB, 0x15, 0x00,
    0x13, 0x00, 0x00, 0x00, 0x76, 0x84, 0x84, 0x42, 0xB4, 0xFF, 0xFF, 0x43, 0x24, 0xFF, 0xD7, 0x00,
    0x00, 0xB0, 0x45, 0x00, 0x00, 0x0A, 0x00, 0x00, 0x00, 0x00, 0x00, 0x2B, 0x00, 0x72, 0xFD, 0xBE,
    0xB8, 0xFF, 0xFF, 0xBE, 0x00, 0x48, 0xDC, 0xBC, 0x00, 0x00, 0x00, 0x15, 0x00, 0x28, 0x03, 0x00,
    0x37, 0xFF, 0xCD, 0x03, 0xE9, 0xFF, 0xFF, 0x82, 0x22, 0xFF, 0xAC, 0x00, 0x00, 0x13, 0x00, 0x00,
    0x00, 0x28, 0x03, 0x00, 0x37, 0xA9, 0xAF, 0x03, 0xB0, 0x03, 0x4F, 0x81, 0x22, 0xBE, 0xA2, 0x00,
    0x00, 0x13, 0x00, 0x00, 0x06, 0x6F, 0x42, 0x00, 0x9C, 0x1E, 0x61, 0x58, 0x88, 0x00, 0x00, 0x8A,
    0x99, 0x1E, 0x5E, 0x57, 0x06, 0x6F, 0x3F, 0x00, 0x12, 0x99, 0x67, 0x00, 0xE1, 0xFF, 0xFF, 0x79,
    0xFF, 0xFF, 0xFF, 0xA6, 0xB2, 0xFF, 0xFF, 0x3C, 0x00, 0x1E, 0x0A, 0x00, 0x03, 0x06, 0x06, 0x06,
    0x01, 0x8E, 0x6C, 0x6C, 0x6C, 0x79, 0x72, 0x00, 0x00, 0x00, 0x72, 0x72, 0x00, 0x00, 0x00, 0x72,
    0x8D, 0x72, 0x72, 0x72, 0x78, 0x94, 0x72, 0x72, 0x8D, 0x85, 0x72, 0x00, 0x40, 0x31, 0x78, 0x72,
    0x70, 0x84, 0x00, 0x78, 0x94, 0x8D, 0x9A, 0x72, 0x85, 0x03, 0x06, 0x06, 0x06, 0x01, 0x13, 0x82,
    0xDD, 0x82, 0x13, 0x9A, 0xBE, 0x4E, 0xBF, 0x9C, 0xD0, 0x16, 0xFA, 0x16, 0xD2, 0xA0, 0xB5, 0x22,
    0xB5, 0xA0, 0x18, 0xBA, 0xFF, 0xBA, 0x18, 0x00, 0xA1, 0x00, 0x00, 0xFF, 0x00, 0x13, 0xFF, 0x2E,
    0x00, 0x63, 0x01, 0x00, 0x0C, 0x0A, 0x00, 0x00, 0x5E, 0x5E, 0x00, 0x3D, 0x60, 0x5E, 0x3F, 0xBA,
    0xB2, 0xB2, 0xBA, 0x00, 0xB6, 0xB6, 0x00, 0x00, 0x4C, 0x20, 0x00, 0x31, 0xAF, 0x00, 0x00, 0x9F,
    0xB6, 0xAB, 0xBE, 0x3D, 0xA8, 0x00, 0x00, 0x00, 0x72, 0x25, 0x00, 0x00, 0x22, 0x4C, 0x00, 0x00,
    0x00, 0xAF, 0x4E, 0x73, 0xA7, 0xB2, 0xFF, 0x00, 0x00, 0xA8, 0x60, 0x00, 0x25, 0x6F, 0x00, 0x00,
    0x0D, 0x0C, 0x00, 0x0A, 0xDC, 0xDC, 0x0A, 0xB5, 0x8B, 0x8A, 0xB6, 0x13, 0x60, 0x5E, 0x13, 0x00,
    0x5A, 0x5A, 0x00, 0xA2, 0xA9, 0xBD, 0xA6, 0x30, 0x76, 0x1D, 0xBE, 0x30, 0x5E, 0x18, 0xBE, 0x30,
    0x5E, 0x18, 0xBE, 0xA8, 0xC4, 0xAB, 0xB5, 0x00, 0x79, 0x1E, 0x00, 0x00, 0x00, 0x79, 0x25, 0x37,
    0x28, 0x5D, 0x00, 0x84, 0x99, 0x14, 0x00, 0x05, 0x2C, 0x00, 0x00, 0xA9, 0x45, 0x49, 0xA6, 0x01,
    0xA7, 0xA5, 0x01, 0x0A, 0xB5, 0xB5, 0x30, 0xB6, 0x30, 0x0C, 0xBB, 0xB9, 0x0A, 0x31, 0xB4, 0x30,
    0xB2, 0xBA, 0x0A, 0x01, 0xA8, 0xA7, 0x01, 0xA9, 0x49, 0x49, 0xA6, 0x4D, 0xAD, 0x61, 0x43, 0x95,
    0x00, 0x7C, 0x69, 0x28, 0x71, 0x7E, 0x7F, 0x29, 0x82, 0x20, 0xA5, 0x86, 0x00, 0x6C, 0x67, 0x4F,
    0xA8, 0x78, 0x00, 0x51, 0xA9, 0x6E, 0x00, 0x8A, 0x08, 0x76, 0x5E, 0x2A, 0xBB, 0x2F, 0xBD, 0x28,
    0xB7, 0x2E, 0xA3, 0x89, 0x00, 0x76, 0x5E, 0x51, 0xAF, 0x76, 0x00, 0xA2, 0xAA, 0x41, 0x00, 0x47,
    0xB4, 0xB8, 0x8E, 0x76, 0x47, 0x00, 0xBE, 0x8A, 0x47, 0x00, 0xBE, 0x47, 0x47, 0x00, 0xBE, 0x1B,
    0xB3, 0xA8, 0x9A, 0x00, 0x00, 0x0C, 0xA6, 0x00, 0x0D, 0xE8, 0xFF, 0x0F, 0xEC, 0xFF, 0xFF, 0xE1,
    0xFF, 0xFF, 0xFF, 0x5B, 0xFF, 0xFF, 0xFF, 0x00, 0x58, 0xFF, 0xFF, 0x00, 0x00, 0x55, 0xF6, 0x00,
    0x00, 0x00, 0x21, 0x24, 0x00, 0x00, 0x00, 0x40, 0x00, 0x00, 0x00, 0x13, 0x2D, 0x00, 0x00, 0x00,
    0x40, 0x00, 0x00, 0x00, 0x15, 0x2B, 0x00, 0x00, 0x00, 0x40, 0x00, 0x00, 0x00, 0x16, 0x28, 0x00,
    0x00, 0x00, 0x1B, 0xFF, 0x68, 0x6F, 0x00, 0xFF, 0xA7, 0x74, 0x00, 0xBB, 0x5D, 0x41, 0x2E, 0x5A,
    0x90, 0x24, 0x1C, 0xB8, 0x30, 0x54, 0x00, 0xB7, 0x44, 0x3B, 0x00, 0xB7, 0x29, 0x32, 0x31, 0x39,
    0x00, 0x20, 0x1F, 0x8C, 0xB3, 0x67, 0x00, 0x60, 0x30, 0xF0, 0x22, 0x5E, 0x32, 0xD5, 0x5D, 0x5E,
    0xBF, 0x76, 0x5E, 0x60, 0x55, 0x5D, 0x5D, 0x8E, 0xA8, 0xB0, 0x1F, 0xB7, 0xFF, 0xFF, 0xD2, 0x04,
    0xCB, 0xFF, 0xFF, 0x00, 0x03, 0xC6, 0xFF, 0x00, 0x00, 0x01, 0xBD, 0x00, 0x00, 0x63, 0xF1, 0x00,
    0x67, 0xFF, 0xFF, 0x6C, 0xFF, 0xFF, 0xFF, 0x4E, 0x5A, 0x5A, 0x46, 0xA4, 0x78, 0x00, 0x00, 0x30,
    0x76, 0xAB, 0xA6, 0x30, 0x2D, 0x0B, 0xBE, 0x30, 0xC4, 0x31, 0xBE, 0xB3, 0xA1, 0xB7, 0x93, 0x00,
    0xA0, 0x27, 0x00, 0x75, 0x45, 0x8A, 0x00, 0x45, 0x00, 0x27, 0x85, 0x2F, 0xB5, 0x2D, 0xBB, 0x2F,
    0xBE, 0x30, 0xBA, 0x98, 0xC9, 0xB0, 0x5D, 0x97, 0xBE, 0xBD, 0x22, 0x00, 0x00, 0x00, 0x00, 0x98,
    0xBE, 0xBE, 0x22, 0x00, 0x00, 0x00, 0x00, 0x83, 0xA3, 0xA2, 0x21, 0x00, 0x00, 0x00, 0x00, 0x00,
    0x10, 0x98, 0xAC, 0x00, 0x53, 0x5B, 0xBA, 0x20, 0x90, 0x99, 0x06, 0x8D, 0x54, 0x37, 0x00, 0x5C,
    0x96, 0x04, 0x00, 0xBD, 0x0E, 0x00, 0x00, 0xAE, 0xB7, 0x6F, 0x00, 0xA7, 0x00, 0x5F, 0x18, 0x83,
    0xAD, 0x2F, 0xA9, 0x8A, 0xBE, 0x8A, 0xBB, 0xBD, 0x00, 0x8F, 0xBA, 0xB1, 0xA3, 0xC3, 0x5B, 0x63,
    0xAC, 0x3C, 0x00, 0x8F, 0x06, 0x8A, 0x00, 0x37, 0x00, 0x78, 0x00, 0x7E, 0x05, 0x92, 0x00, 0x64,
    0xA3, 0xAE, 0x3D, 0x00, 0x00, 0x01, 0x28, 0x00, 0x00, 0x00, 0x00, 0x00, 0xDC, 0x37, 0x00, 0xA7,
    0x93, 0xAF, 0x76, 0x73, 0xBE, 0x92, 0x60, 0x6F, 0xB2, 0x83, 0x63, 0x82, 0x7F, 0xB5, 0x72, 0x00,
    0xA2, 0x2A, 0x00, 0x20, 0xB4, 0x4C, 0x00, 0xCB, 0xA3, 0xDE, 0x57, 0x8F, 0x00, 0x8F, 0x00, 0x8F,
    0x00, 0x8F, 0x00, 0x8F, 0x00, 0x8F, 0x00, 0x81, 0xA8, 0xAB, 0x00, 0x20, 0xB4, 0x4C, 0x00, 0xCB,
    0xA3, 0xDE, 0x57, 0x8F, 0x72, 0xAB, 0x00, 0x8F, 0xBE, 0xBE, 0x00, 0x8F, 0x40, 0x9F, 0x00, 0x81,
    0xA8, 0xAB, 0x00, 0x00, 0x2D, 0x0B, 0x00, 0x1E, 0xED, 0x57, 0x00, 0x32, 0x6D, 0x4D, 0x00, 0x09,
    0x5E, 0x18, 0x25, 0x2F, 0x13, 0x05, 0xBB, 0x98, 0xA3, 0xA8, 0x5D, 0xB5, 0x30, 0x31, 0xB5, 0x0A,
    0xC0, 0xC1, 0x0A, 0x0A, 0xC1, 0xC0, 0x0A, 0xB7, 0x31, 0x31, 0xB5, 0x00, 0xB5, 0x2E, 0x00, 0x00,
    0xBE, 0x30, 0x00, 0xA3, 0x7B, 0xB6, 0x34, 0x95, 0x28, 0x9C, 0x06, 0x0E, 0xC5, 0x40, 0x00, 0x00,
    0x1B, 0x06, 0x00, 0x00, 0x03, 0x00, 0x00, 0x10, 0xC3, 0x15, 0x00, 0x97, 0x6B, 0xB1, 0x33, 0x7B,
    0x00, 0x47, 0x5E, 0x8F, 0x64, 0xB5, 0x33, 0x17, 0xCD, 0x17, 0x00, 0x00, 0x20, 0x02, 0x00, 0x00,
    0x02, 0x02, 0x00, 0x00, 0x79, 0x48, 0x00, 0x92, 0x9A, 0xAB, 0x09, 0x5E, 0x00, 0x5D, 0x78, 0x95,
    0x9A, 0x9F, 0x06, 0x00, 0x83, 0x53, 0x00, 0x00, 0x11, 0x0A, 0x00, 0x00, 0x1B, 0x07, 0x00, 0x0E,
    0xE3, 0x47, 0x00, 0x9B, 0x3B, 0xA9, 0x06, 0xA1, 0x78, 0xB2, 0x34, 0x00, 0xBE, 0x30, 0x00, 0x00,
    0xB9, 0x2E, 0x00, 0x00, 0x0B, 0x0B, 0x00, 0x00, 0x52, 0x52, 0x00, 0x06, 0x54, 0x54, 0x0A, 0x6B,
    0xB8, 0xB8, 0xA8, 0x00, 0xA0, 0x9F, 0x00, 0x72, 0xA5, 0xA6, 0xBA,
};
